[debug] [2026-07-25T04:34:56.788Z] ----------------------------------------------------------------------
[debug] [2026-07-25T04:34:56.796Z] Command:       C:\Program Files\nodejs\node.exe C:\Users\Alaee\AppData\Roaming\npm\node_modules\firebase-tools\lib\bin\firebase.js firestore:databases:list --project alkahf-41600
[debug] [2026-07-25T04:34:56.796Z] CLI Version:   15.9.0
[debug] [2026-07-25T04:34:56.796Z] Platform:      win32
[debug] [2026-07-25T04:34:56.797Z] Node Version:  v25.2.1
[debug] [2026-07-25T04:34:56.797Z] Time:          Sat Jul 25 2026 05:34:56 GMT+0100 (UTC+01:00)
[debug] [2026-07-25T04:34:56.797Z] ----------------------------------------------------------------------
[debug] 
[debug] [2026-07-25T04:35:01.239Z] > command requires scopes: ["email","openid","https://www.googleapis.com/auth/cloudplatformprojects.readonly","https://www.googleapis.com/auth/firebase","https://www.googleapis.com/auth/cloud-platform"]
[debug] [2026-07-25T04:35:01.240Z] > authorizing via signed-in user (alkahf.be@gmail.com)
[debug] [2026-07-25T04:35:01.241Z] [iam] checking project alkahf-41600 for permissions ["datastore.databases.list","firebase.projects.get"]
[debug] [2026-07-25T04:35:01.244Z] Checked if tokens are valid: true, expires at: 1784957429103
[debug] [2026-07-25T04:35:01.245Z] Checked if tokens are valid: true, expires at: 1784957429103
[debug] [2026-07-25T04:35:01.255Z] >>> [apiv2][query] POST https://cloudresourcemanager.googleapis.com/v1/projects/alkahf-41600:testIamPermissions [none]
[debug] [2026-07-25T04:35:01.256Z] >>> [apiv2][(partial)header] POST https://cloudresourcemanager.googleapis.com/v1/projects/alkahf-41600:testIamPermissions  x-goog-user-project=alkahf-41600
[debug] [2026-07-25T04:35:01.256Z] >>> [apiv2][body] POST https://cloudresourcemanager.googleapis.com/v1/projects/alkahf-41600:testIamPermissions {"permissions":["datastore.databases.list","firebase.projects.get"]}
[debug] [2026-07-25T04:35:02.416Z] <<< [apiv2][status] POST https://cloudresourcemanager.googleapis.com/v1/projects/alkahf-41600:testIamPermissions 200
[debug] [2026-07-25T04:35:02.417Z] <<< [apiv2][body] POST https://cloudresourcemanager.googleapis.com/v1/projects/alkahf-41600:testIamPermissions {"permissions":["datastore.databases.list","firebase.projects.get"]}
[debug] [2026-07-25T04:35:02.422Z] Checked if tokens are valid: true, expires at: 1784957429103
[debug] [2026-07-25T04:35:02.423Z] Checked if tokens are valid: true, expires at: 1784957429103
[debug] [2026-07-25T04:35:02.423Z] >>> [apiv2][query] GET https://firestore.googleapis.com/v1/projects/alkahf-41600/databases [none]
[debug] [2026-07-25T04:35:05.558Z] <<< [apiv2][status] GET https://firestore.googleapis.com/v1/projects/alkahf-41600/databases 200
[debug] [2026-07-25T04:35:05.558Z] <<< [apiv2][body] GET https://firestore.googleapis.com/v1/projects/alkahf-41600/databases {"databases":[{"name":"projects/alkahf-41600/databases/(default)","uid":"17f69d4d-c1e2-48cf-a960-f0b23a21606f","createTime":"2025-12-09T11:05:42.827214Z","updateTime":"2025-12-09T11:05:42.827214Z","locationId":"europe-west1","type":"FIRESTORE_NATIVE","concurrencyMode":"PESSIMISTIC","versionRetentionPeriod":"3600s","earliestVersionTime":"2026-07-25T03:35:03.962691Z","appEngineIntegrationMode":"DISABLED","pointInTimeRecoveryEnablement":"POINT_IN_TIME_RECOVERY_DISABLED","deleteProtectionState":"DELETE_PROTECTION_DISABLED","databaseEdition":"STANDARD","freeTier":true,"realtimeUpdatesMode":"REALTIME_UPDATES_MODE_ENABLED","etag":"IJu7pZqA7ZUDMOf8o4Kl5JID"}]}
[info] ┌──────────────────────────────────────────────┐
│ Database Name                                │
├──────────────────────────────────────────────┤
│ projects/alkahf-41600/databases/(default)    │
└──────────────────────────────────────────────┘
[debug] [2026-07-25T04:35:35.201Z] ----------------------------------------------------------------------
[debug] [2026-07-25T04:35:35.210Z] Command:       C:\Program Files\nodejs\node.exe C:\Users\Alaee\AppData\Roaming\npm\node_modules\firebase-tools\lib\bin\firebase.js deploy --only functions --project alkahf-41600
[debug] [2026-07-25T04:35:35.210Z] CLI Version:   15.9.0
[debug] [2026-07-25T04:35:35.210Z] Platform:      win32
[debug] [2026-07-25T04:35:35.211Z] Node Version:  v25.2.1
[debug] [2026-07-25T04:35:35.211Z] Time:          Sat Jul 25 2026 05:35:35 GMT+0100 (UTC+01:00)
[debug] [2026-07-25T04:35:35.211Z] ----------------------------------------------------------------------
[debug] 
[debug] [2026-07-25T04:35:41.489Z] > command requires scopes: ["email","openid","https://www.googleapis.com/auth/cloudplatformprojects.readonly","https://www.googleapis.com/auth/firebase","https://www.googleapis.com/auth/cloud-platform"]
[debug] [2026-07-25T04:35:41.491Z] > authorizing via signed-in user (alkahf.be@gmail.com)
[debug] [2026-07-25T04:35:41.493Z] [iam] checking project alkahf-41600 for permissions ["cloudfunctions.functions.create","cloudfunctions.functions.delete","cloudfunctions.functions.get","cloudfunctions.functions.list","cloudfunctions.functions.update","cloudfunctions.operations.get","firebase.projects.get"]
[debug] [2026-07-25T04:35:41.503Z] Checked if tokens are valid: true, expires at: 1784957429103
[debug] [2026-07-25T04:35:41.504Z] Checked if tokens are valid: true, expires at: 1784957429103
[debug] [2026-07-25T04:35:41.509Z] >>> [apiv2][query] POST https://cloudresourcemanager.googleapis.com/v1/projects/alkahf-41600:testIamPermissions [none]
[debug] [2026-07-25T04:35:41.510Z] >>> [apiv2][(partial)header] POST https://cloudresourcemanager.googleapis.com/v1/projects/alkahf-41600:testIamPermissions  x-goog-user-project=alkahf-41600
[debug] [2026-07-25T04:35:41.510Z] >>> [apiv2][body] POST https://cloudresourcemanager.googleapis.com/v1/projects/alkahf-41600:testIamPermissions {"permissions":["cloudfunctions.functions.create","cloudfunctions.functions.delete","cloudfunctions.functions.get","cloudfunctions.functions.list","cloudfunctions.functions.update","cloudfunctions.operations.get","firebase.projects.get"]}
[debug] [2026-07-25T04:35:42.788Z] <<< [apiv2][status] POST https://cloudresourcemanager.googleapis.com/v1/projects/alkahf-41600:testIamPermissions 200
[debug] [2026-07-25T04:35:42.791Z] <<< [apiv2][body] POST https://cloudresourcemanager.googleapis.com/v1/projects/alkahf-41600:testIamPermissions {"permissions":["cloudfunctions.functions.create","cloudfunctions.functions.delete","cloudfunctions.functions.get","cloudfunctions.functions.list","cloudfunctions.functions.update","cloudfunctions.operations.get","firebase.projects.get"]}
[debug] [2026-07-25T04:35:42.792Z] Checked if tokens are valid: true, expires at: 1784957429103
[debug] [2026-07-25T04:35:42.792Z] Checked if tokens are valid: true, expires at: 1784957429103
[debug] [2026-07-25T04:35:42.793Z] >>> [apiv2][query] POST https://iam.googleapis.com/v1/projects/alkahf-41600/serviceAccounts/alkahf-41600@appspot.gserviceaccount.com:testIamPermissions [none]
[debug] [2026-07-25T04:35:42.793Z] >>> [apiv2][body] POST https://iam.googleapis.com/v1/projects/alkahf-41600/serviceAccounts/alkahf-41600@appspot.gserviceaccount.com:testIamPermissions {"permissions":["iam.serviceAccounts.actAs"]}
[debug] [2026-07-25T04:35:43.892Z] <<< [apiv2][status] POST https://iam.googleapis.com/v1/projects/alkahf-41600/serviceAccounts/alkahf-41600@appspot.gserviceaccount.com:testIamPermissions 200
[debug] [2026-07-25T04:35:43.893Z] <<< [apiv2][body] POST https://iam.googleapis.com/v1/projects/alkahf-41600/serviceAccounts/alkahf-41600@appspot.gserviceaccount.com:testIamPermissions {"permissions":["iam.serviceAccounts.actAs"]}
[info] 
[info] === Deploying to 'alkahf-41600'...
[info] 
[info] i  deploying functions 
[debug] [2026-07-25T04:35:43.925Z] Checked if tokens are valid: true, expires at: 1784957429103
[debug] [2026-07-25T04:35:43.925Z] Checked if tokens are valid: true, expires at: 1784957429103
[debug] [2026-07-25T04:35:43.926Z] >>> [apiv2][query] GET https://cloudresourcemanager.googleapis.com/v1/projects/alkahf-41600 [none]
[debug] [2026-07-25T04:35:44.759Z] <<< [apiv2][status] GET https://cloudresourcemanager.googleapis.com/v1/projects/alkahf-41600 200
[debug] [2026-07-25T04:35:44.760Z] <<< [apiv2][body] GET https://cloudresourcemanager.googleapis.com/v1/projects/alkahf-41600 {"projectNumber":"826972253416","projectId":"alkahf-41600","lifecycleState":"ACTIVE","name":"alkahf","labels":{"firebase":"enabled","firebase-core":"disabled"},"createTime":"2025-12-09T11:04:20.186021Z"}
[info] i  functions: preparing codebase functions for deployment 
[info] i  functions: ensuring required API cloudfunctions.googleapis.com is enabled... 
[info] i  functions: ensuring required API cloudbuild.googleapis.com is enabled... 
[info] i  artifactregistry: ensuring required API artifactregistry.googleapis.com is enabled... 
[debug] [2026-07-25T04:35:44.788Z] Checked if tokens are valid: true, expires at: 1784957429103
[debug] [2026-07-25T04:35:44.789Z] Checked if tokens are valid: true, expires at: 1784957429103
[debug] [2026-07-25T04:35:44.789Z] >>> [apiv2][query] GET https://firebase.googleapis.com/v1beta1/projects/alkahf-41600/adminSdkConfig [none]
[debug] [2026-07-25T04:35:46.951Z] <<< [apiv2][status] GET https://firebase.googleapis.com/v1beta1/projects/alkahf-41600/adminSdkConfig 200
[debug] [2026-07-25T04:35:46.951Z] <<< [apiv2][body] GET https://firebase.googleapis.com/v1beta1/projects/alkahf-41600/adminSdkConfig {"projectId":"alkahf-41600","storageBucket":"alkahf-41600.firebasestorage.app"}
[debug] [2026-07-25T04:35:46.965Z] Validating nodejs source
[warn] !  functions: package.json indicates an outdated version of firebase-functions. Please upgrade using npm install --save firebase-functions@latest in your functions directory. 
[debug] [2026-07-25T04:35:52.110Z] > [functions] package.json contents: {
  "name": "functions",
  "description": "Cloud Functions for Firebase",
  "scripts": {
    "lint": "eslint .",
    "serve": "firebase emulators:start --only functions",
    "shell": "firebase functions:shell",
    "start": "npm run shell",
    "deploy": "firebase deploy --only functions",
    "logs": "firebase functions:log"
  },
  "engines": {
    "node": "24"
  },
  "main": "index.js",
  "dependencies": {
    "@sparticuz/chromium": "^143.0.4",
    "firebase-admin": "^13.6.0",
    "firebase-functions": "^7.0.0",
    "nodemailer": "^6.10.1",
    "puppeteer-core": "^24.37.3",
    "stripe": "^20.3.1"
  },
  "devDependencies": {
    "eslint": "^8.15.0",
    "eslint-config-google": "^0.14.0",
    "firebase-functions-test": "^3.4.1"
  },
  "private": true
}
[debug] [2026-07-25T04:35:52.111Z] Building nodejs source
[info] i  functions: Loading and analyzing source code for codebase functions to determine what to deploy 
[debug] [2026-07-25T04:35:52.118Z] Could not find functions.yaml. Must use http discovery
[debug] [2026-07-25T04:35:52.145Z] Found firebase-functions binary at 'C:\Users\Alaee\al-kahf\functions\node_modules\.bin\firebase-functions'
[info] Serving at port 8422

[debug] [2026-07-25T04:35:55.280Z] Got response from /__/functions.yaml {"endpoints":{"sitemap":{"availableMemoryMb":null,"timeoutSeconds":null,"minInstances":null,"maxInstances":null,"ingressSettings":null,"concurrency":null,"serviceAccountEmail":null,"vpc":null,"platform":"gcfv2","region":["europe-west1"],"labels":{},"httpsTrigger":{},"entryPoint":"sitemap"},"createPaymentIntent":{"availableMemoryMb":null,"timeoutSeconds":null,"minInstances":null,"maxInstances":null,"ingressSettings":null,"concurrency":null,"serviceAccountEmail":null,"vpc":null,"platform":"gcfv2","region":["europe-west1"],"secretEnvironmentVariables":[{"key":"STRIPE_SECRET"}],"labels":{},"callableTrigger":{},"entryPoint":"createPaymentIntent"},"finalizeOrderAfterPayment":{"availableMemoryMb":1024,"timeoutSeconds":120,"minInstances":null,"maxInstances":null,"ingressSettings":null,"concurrency":null,"serviceAccountEmail":null,"vpc":null,"platform":"gcfv2","region":["europe-west1"],"secretEnvironmentVariables":[{"key":"STRIPE_SECRET"},{"key":"RESEND_API_KEY"},{"key":"RESEND_FROM"},{"key":"SMTP_URL"},{"key":"SMTP_FROM"}],"labels":{},"callableTrigger":{},"entryPoint":"finalizeOrderAfterPayment"},"resendInvoiceEmail":{"availableMemoryMb":1024,"timeoutSeconds":120,"minInstances":null,"maxInstances":null,"ingressSettings":null,"concurrency":null,"serviceAccountEmail":null,"vpc":null,"platform":"gcfv2","region":["europe-west1"],"secretEnvironmentVariables":[{"key":"RESEND_API_KEY"},{"key":"RESEND_FROM"},{"key":"SMTP_URL"},{"key":"SMTP_FROM"},{"key":"ADMIN_EMAILS"}],"labels":{},"callableTrigger":{},"entryPoint":"resendInvoiceEmail"},"resequenceInvoices2026":{"availableMemoryMb":512,"timeoutSeconds":120,"minInstances":null,"maxInstances":null,"ingressSettings":null,"concurrency":null,"serviceAccountEmail":null,"vpc":null,"platform":"gcfv2","region":["europe-west1"],"secretEnvironmentVariables":[{"key":"ADMIN_EMAILS"}],"labels":{},"callableTrigger":{},"entryPoint":"resequenceInvoices2026"},"stripeWebhook":{"availableMemoryMb":1024,"timeoutSeconds":120,"minInstances":null,"maxInstances":null,"ingressSettings":null,"concurrency":null,"serviceAccountEmail":null,"vpc":null,"platform":"gcfv2","region":["europe-west1"],"secretEnvironmentVariables":[{"key":"STRIPE_SECRET"},{"key":"STRIPE_WEBHOOK_SECRET"},{"key":"RESEND_API_KEY"},{"key":"RESEND_FROM"},{"key":"SMTP_URL"},{"key":"SMTP_FROM"}],"labels":{},"httpsTrigger":{},"entryPoint":"stripeWebhook"},"syncNewsletterToMailchimp":{"availableMemoryMb":null,"timeoutSeconds":null,"minInstances":null,"maxInstances":null,"ingressSettings":null,"concurrency":null,"serviceAccountEmail":null,"vpc":null,"platform":"gcfv2","region":["europe-west1"],"secretEnvironmentVariables":[{"key":"MAILCHIMP_API_KEY"},{"key":"MAILCHIMP_AUDIENCE_ID"},{"key":"MAILCHIMP_SERVER_PREFIX"}],"labels":{},"eventTrigger":{"eventType":"google.cloud.firestore.document.v1.created","eventFilters":{"database":"(default)","namespace":"(default)"},"eventFilterPathPatterns":{"document":"newsletter/{docId}"},"retry":false},"entryPoint":"syncNewsletterToMailchimp"}},"specVersion":"v1alpha1","requiredAPIs":[],"extensions":{},"params":[{"type":"secret","name":"STRIPE_SECRET"},{"type":"secret","name":"STRIPE_WEBHOOK_SECRET"},{"type":"secret","name":"RESEND_API_KEY"},{"type":"secret","name":"RESEND_FROM"},{"type":"secret","name":"SMTP_URL"},{"type":"secret","name":"SMTP_FROM"},{"type":"secret","name":"ADMIN_EMAILS"},{"type":"secret","name":"MAILCHIMP_API_KEY"},{"type":"secret","name":"MAILCHIMP_AUDIENCE_ID"},{"type":"secret","name":"MAILCHIMP_SERVER_PREFIX"}]}
[info] i  extensions: ensuring required API firebaseextensions.googleapis.com is enabled... 
[debug] [2026-07-25T04:35:59.400Z] > command requires scopes: ["email","openid","https://www.googleapis.com/auth/cloudplatformprojects.readonly","https://www.googleapis.com/auth/firebase","https://www.googleapis.com/auth/cloud-platform"]
[debug] [2026-07-25T04:35:59.401Z] > authorizing via signed-in user (alkahf.be@gmail.com)
[debug] [2026-07-25T04:35:59.401Z] [iam] checking project alkahf-41600 for permissions ["firebase.projects.get","firebaseextensions.instances.list"]
[debug] [2026-07-25T04:35:59.402Z] Checked if tokens are valid: true, expires at: 1784957429103
[debug] [2026-07-25T04:35:59.402Z] Checked if tokens are valid: true, expires at: 1784957429103
[debug] [2026-07-25T04:35:59.402Z] >>> [apiv2][query] POST https://cloudresourcemanager.googleapis.com/v1/projects/alkahf-41600:testIamPermissions [none]
[debug] [2026-07-25T04:35:59.402Z] >>> [apiv2][(partial)header] POST https://cloudresourcemanager.googleapis.com/v1/projects/alkahf-41600:testIamPermissions  x-goog-user-project=alkahf-41600
[debug] [2026-07-25T04:35:59.403Z] >>> [apiv2][body] POST https://cloudresourcemanager.googleapis.com/v1/projects/alkahf-41600:testIamPermissions {"permissions":["firebase.projects.get","firebaseextensions.instances.list"]}
[debug] [2026-07-25T04:36:00.620Z] <<< [apiv2][status] POST https://cloudresourcemanager.googleapis.com/v1/projects/alkahf-41600:testIamPermissions 200
[debug] [2026-07-25T04:36:00.621Z] <<< [apiv2][body] POST https://cloudresourcemanager.googleapis.com/v1/projects/alkahf-41600:testIamPermissions {"permissions":["firebase.projects.get","firebaseextensions.instances.list"]}
[debug] [2026-07-25T04:36:00.622Z] Checked if tokens are valid: true, expires at: 1784957429103
[debug] [2026-07-25T04:36:00.623Z] Checked if tokens are valid: true, expires at: 1784957429103
[debug] [2026-07-25T04:36:00.624Z] >>> [apiv2][query] GET https://firebaseextensions.googleapis.com/v1beta/projects/alkahf-41600/instances pageSize=100&pageToken=
[debug] [2026-07-25T04:36:03.383Z] <<< [apiv2][status] GET https://firebaseextensions.googleapis.com/v1beta/projects/alkahf-41600/instances 200
[debug] [2026-07-25T04:36:03.384Z] <<< [apiv2][body] GET https://firebaseextensions.googleapis.com/v1beta/projects/alkahf-41600/instances {}
[debug] [2026-07-25T04:36:03.393Z] Checked if tokens are valid: true, expires at: 1784957429103
[debug] [2026-07-25T04:36:03.396Z] Checked if tokens are valid: true, expires at: 1784957429103
[debug] [2026-07-25T04:36:03.398Z] >>> [apiv2][query] GET https://secretmanager.googleapis.com/v1/projects/alkahf-41600/secrets/STRIPE_SECRET [none]
[debug] [2026-07-25T04:36:05.258Z] <<< [apiv2][status] GET https://secretmanager.googleapis.com/v1/projects/alkahf-41600/secrets/STRIPE_SECRET 200
[debug] [2026-07-25T04:36:05.261Z] <<< [apiv2][body] GET https://secretmanager.googleapis.com/v1/projects/alkahf-41600/secrets/STRIPE_SECRET {"name":"projects/826972253416/secrets/STRIPE_SECRET","replication":{"automatic":{}},"createTime":"2026-02-14T16:43:57.542954Z","labels":{"firebase-managed":"functions"},"etag":"\"164acb6d9ef508\""}
[debug] [2026-07-25T04:36:05.263Z] Checked if tokens are valid: true, expires at: 1784957429103
[debug] [2026-07-25T04:36:05.263Z] Checked if tokens are valid: true, expires at: 1784957429103
[debug] [2026-07-25T04:36:05.263Z] >>> [apiv2][query] GET https://secretmanager.googleapis.com/v1/projects/alkahf-41600/secrets/STRIPE_SECRET/versions/latest [none]
[debug] [2026-07-25T04:36:05.618Z] <<< [apiv2][status] GET https://secretmanager.googleapis.com/v1/projects/alkahf-41600/secrets/STRIPE_SECRET/versions/latest 200
[debug] [2026-07-25T04:36:05.618Z] <<< [apiv2][body] GET https://secretmanager.googleapis.com/v1/projects/alkahf-41600/secrets/STRIPE_SECRET/versions/latest {"name":"projects/826972253416/secrets/STRIPE_SECRET/versions/16","createTime":"2026-02-15T20:19:07.285260Z","state":"ENABLED","replicationStatus":{"automatic":{}},"etag":"\"164ae28ce71f0c\""}
[debug] [2026-07-25T04:36:05.620Z] Checked if tokens are valid: true, expires at: 1784957429103
[debug] [2026-07-25T04:36:05.620Z] Checked if tokens are valid: true, expires at: 1784957429103
[debug] [2026-07-25T04:36:05.621Z] >>> [apiv2][query] GET https://secretmanager.googleapis.com/v1/projects/alkahf-41600/secrets/STRIPE_WEBHOOK_SECRET [none]
[debug] [2026-07-25T04:36:05.973Z] <<< [apiv2][status] GET https://secretmanager.googleapis.com/v1/projects/alkahf-41600/secrets/STRIPE_WEBHOOK_SECRET 200
[debug] [2026-07-25T04:36:05.979Z] <<< [apiv2][body] GET https://secretmanager.googleapis.com/v1/projects/alkahf-41600/secrets/STRIPE_WEBHOOK_SECRET {"name":"projects/826972253416/secrets/STRIPE_WEBHOOK_SECRET","replication":{"automatic":{}},"createTime":"2026-02-14T22:18:10.352538Z","labels":{"firebase-managed":"functions"},"etag":"\"164ad018e13ed3\""}
[debug] [2026-07-25T04:36:05.980Z] Checked if tokens are valid: true, expires at: 1784957429103
[debug] [2026-07-25T04:36:05.980Z] Checked if tokens are valid: true, expires at: 1784957429103
[debug] [2026-07-25T04:36:05.981Z] >>> [apiv2][query] GET https://secretmanager.googleapis.com/v1/projects/alkahf-41600/secrets/STRIPE_WEBHOOK_SECRET/versions/latest [none]
[debug] [2026-07-25T04:36:06.729Z] <<< [apiv2][status] GET https://secretmanager.googleapis.com/v1/projects/alkahf-41600/secrets/STRIPE_WEBHOOK_SECRET/versions/latest 200
[debug] [2026-07-25T04:36:06.729Z] <<< [apiv2][body] GET https://secretmanager.googleapis.com/v1/projects/alkahf-41600/secrets/STRIPE_WEBHOOK_SECRET/versions/latest {"name":"projects/826972253416/secrets/STRIPE_WEBHOOK_SECRET/versions/5","createTime":"2026-02-15T17:01:32.186982Z","state":"ENABLED","replicationStatus":{"automatic":{}},"etag":"\"164adfca48ad66\""}
[debug] [2026-07-25T04:36:06.730Z] Checked if tokens are valid: true, expires at: 1784957429103
[debug] [2026-07-25T04:36:06.730Z] Checked if tokens are valid: true, expires at: 1784957429103
[debug] [2026-07-25T04:36:06.730Z] >>> [apiv2][query] GET https://secretmanager.googleapis.com/v1/projects/alkahf-41600/secrets/RESEND_API_KEY [none]
[debug] [2026-07-25T04:36:07.066Z] <<< [apiv2][status] GET https://secretmanager.googleapis.com/v1/projects/alkahf-41600/secrets/RESEND_API_KEY 200
[debug] [2026-07-25T04:36:07.066Z] <<< [apiv2][body] GET https://secretmanager.googleapis.com/v1/projects/alkahf-41600/secrets/RESEND_API_KEY {"name":"projects/826972253416/secrets/RESEND_API_KEY","replication":{"automatic":{}},"createTime":"2026-02-16T02:28:28.948260Z","labels":{"firebase-managed":"functions"},"etag":"\"164ae7b5e17c79\""}
[debug] [2026-07-25T04:36:07.067Z] Checked if tokens are valid: true, expires at: 1784957429103
[debug] [2026-07-25T04:36:07.067Z] Checked if tokens are valid: true, expires at: 1784957429103
[debug] [2026-07-25T04:36:07.067Z] >>> [apiv2][query] GET https://secretmanager.googleapis.com/v1/projects/alkahf-41600/secrets/RESEND_API_KEY/versions/latest [none]
[debug] [2026-07-25T04:36:07.419Z] <<< [apiv2][status] GET https://secretmanager.googleapis.com/v1/projects/alkahf-41600/secrets/RESEND_API_KEY/versions/latest 200
[debug] [2026-07-25T04:36:07.419Z] <<< [apiv2][body] GET https://secretmanager.googleapis.com/v1/projects/alkahf-41600/secrets/RESEND_API_KEY/versions/latest {"name":"projects/826972253416/secrets/RESEND_API_KEY/versions/1","createTime":"2026-02-16T02:28:40.373048Z","state":"ENABLED","replicationStatus":{"automatic":{}},"etag":"\"164ae7b6859738\""}
[debug] [2026-07-25T04:36:07.420Z] Checked if tokens are valid: true, expires at: 1784957429103
[debug] [2026-07-25T04:36:07.420Z] Checked if tokens are valid: true, expires at: 1784957429103
[debug] [2026-07-25T04:36:07.420Z] >>> [apiv2][query] GET https://secretmanager.googleapis.com/v1/projects/alkahf-41600/secrets/RESEND_FROM [none]
[debug] [2026-07-25T04:36:08.432Z] <<< [apiv2][status] GET https://secretmanager.googleapis.com/v1/projects/alkahf-41600/secrets/RESEND_FROM 200
[debug] [2026-07-25T04:36:08.432Z] <<< [apiv2][body] GET https://secretmanager.googleapis.com/v1/projects/alkahf-41600/secrets/RESEND_FROM {"name":"projects/826972253416/secrets/RESEND_FROM","replication":{"automatic":{}},"createTime":"2026-02-16T15:46:31.891713Z","labels":{"firebase-managed":"functions"},"etag":"\"164af2dbed049e\""}
[debug] [2026-07-25T04:36:08.433Z] Checked if tokens are valid: true, expires at: 1784957429103
[debug] [2026-07-25T04:36:08.433Z] Checked if tokens are valid: true, expires at: 1784957429103
[debug] [2026-07-25T04:36:08.434Z] >>> [apiv2][query] GET https://secretmanager.googleapis.com/v1/projects/alkahf-41600/secrets/RESEND_FROM/versions/latest [none]
[debug] [2026-07-25T04:36:08.762Z] <<< [apiv2][status] GET https://secretmanager.googleapis.com/v1/projects/alkahf-41600/secrets/RESEND_FROM/versions/latest 200
[debug] [2026-07-25T04:36:08.762Z] <<< [apiv2][body] GET https://secretmanager.googleapis.com/v1/projects/alkahf-41600/secrets/RESEND_FROM/versions/latest {"name":"projects/826972253416/secrets/RESEND_FROM/versions/3","createTime":"2026-07-25T04:30:48.094590Z","state":"ENABLED","replicationStatus":{"automatic":{}},"etag":"\"165767f40e5f7e\""}
[debug] [2026-07-25T04:36:08.763Z] Checked if tokens are valid: true, expires at: 1784957429103
[debug] [2026-07-25T04:36:08.763Z] Checked if tokens are valid: true, expires at: 1784957429103
[debug] [2026-07-25T04:36:08.763Z] >>> [apiv2][query] GET https://secretmanager.googleapis.com/v1/projects/alkahf-41600/secrets/SMTP_URL [none]
[debug] [2026-07-25T04:36:09.773Z] <<< [apiv2][status] GET https://secretmanager.googleapis.com/v1/projects/alkahf-41600/secrets/SMTP_URL 200
[debug] [2026-07-25T04:36:09.773Z] <<< [apiv2][body] GET https://secretmanager.googleapis.com/v1/projects/alkahf-41600/secrets/SMTP_URL {"name":"projects/826972253416/secrets/SMTP_URL","replication":{"automatic":{}},"createTime":"2026-02-15T14:31:40.890270Z","labels":{"firebase-managed":"functions"},"etag":"\"164addb2717fdd\""}
[debug] [2026-07-25T04:36:09.774Z] Checked if tokens are valid: true, expires at: 1784957429103
[debug] [2026-07-25T04:36:09.774Z] Checked if tokens are valid: true, expires at: 1784957429103
[debug] [2026-07-25T04:36:09.774Z] >>> [apiv2][query] GET https://secretmanager.googleapis.com/v1/projects/alkahf-41600/secrets/SMTP_URL/versions/latest [none]
[debug] [2026-07-25T04:36:10.001Z] <<< [apiv2][status] GET https://secretmanager.googleapis.com/v1/projects/alkahf-41600/secrets/SMTP_URL/versions/latest 200
[debug] [2026-07-25T04:36:10.001Z] <<< [apiv2][body] GET https://secretmanager.googleapis.com/v1/projects/alkahf-41600/secrets/SMTP_URL/versions/latest {"name":"projects/826972253416/secrets/SMTP_URL/versions/2","createTime":"2026-02-16T17:14:22.756192Z","state":"ENABLED","replicationStatus":{"automatic":{}},"etag":"\"164af4160e0160\""}
[debug] [2026-07-25T04:36:10.001Z] Checked if tokens are valid: true, expires at: 1784957429103
[debug] [2026-07-25T04:36:10.002Z] Checked if tokens are valid: true, expires at: 1784957429103
[debug] [2026-07-25T04:36:10.002Z] >>> [apiv2][query] GET https://secretmanager.googleapis.com/v1/projects/alkahf-41600/secrets/SMTP_FROM [none]
[debug] [2026-07-25T04:36:10.309Z] <<< [apiv2][status] GET https://secretmanager.googleapis.com/v1/projects/alkahf-41600/secrets/SMTP_FROM 200
[debug] [2026-07-25T04:36:10.310Z] <<< [apiv2][body] GET https://secretmanager.googleapis.com/v1/projects/alkahf-41600/secrets/SMTP_FROM {"name":"projects/826972253416/secrets/SMTP_FROM","replication":{"automatic":{}},"createTime":"2026-02-15T14:32:19.943435Z","labels":{"firebase-managed":"functions"},"etag":"\"164addb4ba9ec5\""}
[debug] [2026-07-25T04:36:10.310Z] Checked if tokens are valid: true, expires at: 1784957429103
[debug] [2026-07-25T04:36:10.310Z] Checked if tokens are valid: true, expires at: 1784957429103
[debug] [2026-07-25T04:36:10.310Z] >>> [apiv2][query] GET https://secretmanager.googleapis.com/v1/projects/alkahf-41600/secrets/SMTP_FROM/versions/latest [none]
[debug] [2026-07-25T04:36:10.649Z] <<< [apiv2][status] GET https://secretmanager.googleapis.com/v1/projects/alkahf-41600/secrets/SMTP_FROM/versions/latest 200
[debug] [2026-07-25T04:36:10.650Z] <<< [apiv2][body] GET https://secretmanager.googleapis.com/v1/projects/alkahf-41600/secrets/SMTP_FROM/versions/latest {"name":"projects/826972253416/secrets/SMTP_FROM/versions/1","createTime":"2026-02-16T16:58:44.608685Z","state":"ENABLED","replicationStatus":{"automatic":{}},"etag":"\"164af3de2302ad\""}
[debug] [2026-07-25T04:36:10.650Z] Checked if tokens are valid: true, expires at: 1784957429103
[debug] [2026-07-25T04:36:10.650Z] Checked if tokens are valid: true, expires at: 1784957429103
[debug] [2026-07-25T04:36:10.650Z] >>> [apiv2][query] GET https://secretmanager.googleapis.com/v1/projects/alkahf-41600/secrets/ADMIN_EMAILS [none]
[debug] [2026-07-25T04:36:10.931Z] <<< [apiv2][status] GET https://secretmanager.googleapis.com/v1/projects/alkahf-41600/secrets/ADMIN_EMAILS 200
[debug] [2026-07-25T04:36:10.932Z] <<< [apiv2][body] GET https://secretmanager.googleapis.com/v1/projects/alkahf-41600/secrets/ADMIN_EMAILS {"name":"projects/826972253416/secrets/ADMIN_EMAILS","replication":{"automatic":{}},"createTime":"2026-02-16T15:21:37.975327Z","labels":{"firebase-managed":"functions"},"etag":"\"164af282e68d1a\""}
[debug] [2026-07-25T04:36:10.933Z] Checked if tokens are valid: true, expires at: 1784957429103
[debug] [2026-07-25T04:36:10.933Z] Checked if tokens are valid: true, expires at: 1784957429103
[debug] [2026-07-25T04:36:10.933Z] >>> [apiv2][query] GET https://secretmanager.googleapis.com/v1/projects/alkahf-41600/secrets/ADMIN_EMAILS/versions/latest [none]
[debug] [2026-07-25T04:36:11.307Z] <<< [apiv2][status] GET https://secretmanager.googleapis.com/v1/projects/alkahf-41600/secrets/ADMIN_EMAILS/versions/latest 200
[debug] [2026-07-25T04:36:11.308Z] <<< [apiv2][body] GET https://secretmanager.googleapis.com/v1/projects/alkahf-41600/secrets/ADMIN_EMAILS/versions/latest {"name":"projects/826972253416/secrets/ADMIN_EMAILS/versions/2","createTime":"2026-02-16T16:41:09.254508Z","state":"ENABLED","replicationStatus":{"automatic":{}},"etag":"\"164af39f3b956c\""}
[debug] [2026-07-25T04:36:11.308Z] Checked if tokens are valid: true, expires at: 1784957429103
[debug] [2026-07-25T04:36:11.308Z] Checked if tokens are valid: true, expires at: 1784957429103
[debug] [2026-07-25T04:36:11.308Z] >>> [apiv2][query] GET https://secretmanager.googleapis.com/v1/projects/alkahf-41600/secrets/MAILCHIMP_API_KEY [none]
[debug] [2026-07-25T04:36:11.547Z] <<< [apiv2][status] GET https://secretmanager.googleapis.com/v1/projects/alkahf-41600/secrets/MAILCHIMP_API_KEY 200
[debug] [2026-07-25T04:36:11.547Z] <<< [apiv2][body] GET https://secretmanager.googleapis.com/v1/projects/alkahf-41600/secrets/MAILCHIMP_API_KEY {"name":"projects/826972253416/secrets/MAILCHIMP_API_KEY","replication":{"automatic":{}},"createTime":"2026-02-20T14:36:10.974800Z","labels":{"firebase-managed":"functions"},"etag":"\"164b4257b8d1e0\""}
[debug] [2026-07-25T04:36:11.548Z] Checked if tokens are valid: true, expires at: 1784957429103
[debug] [2026-07-25T04:36:11.548Z] Checked if tokens are valid: true, expires at: 1784957429103
[debug] [2026-07-25T04:36:11.548Z] >>> [apiv2][query] GET https://secretmanager.googleapis.com/v1/projects/alkahf-41600/secrets/MAILCHIMP_API_KEY/versions/latest [none]
[debug] [2026-07-25T04:36:12.215Z] <<< [apiv2][status] GET https://secretmanager.googleapis.com/v1/projects/alkahf-41600/secrets/MAILCHIMP_API_KEY/versions/latest 200
[debug] [2026-07-25T04:36:12.217Z] <<< [apiv2][body] GET https://secretmanager.googleapis.com/v1/projects/alkahf-41600/secrets/MAILCHIMP_API_KEY/versions/latest {"name":"projects/826972253416/secrets/MAILCHIMP_API_KEY/versions/3","createTime":"2026-02-20T15:37:06.342404Z","state":"ENABLED","replicationStatus":{"automatic":{}},"etag":"\"164b43318ae604\""}
[debug] [2026-07-25T04:36:12.218Z] Checked if tokens are valid: true, expires at: 1784957429103
[debug] [2026-07-25T04:36:12.222Z] Checked if tokens are valid: true, expires at: 1784957429103
[debug] [2026-07-25T04:36:12.223Z] >>> [apiv2][query] GET https://secretmanager.googleapis.com/v1/projects/alkahf-41600/secrets/MAILCHIMP_AUDIENCE_ID [none]
[debug] [2026-07-25T04:36:12.560Z] <<< [apiv2][status] GET https://secretmanager.googleapis.com/v1/projects/alkahf-41600/secrets/MAILCHIMP_AUDIENCE_ID 200
[debug] [2026-07-25T04:36:12.560Z] <<< [apiv2][body] GET https://secretmanager.googleapis.com/v1/projects/alkahf-41600/secrets/MAILCHIMP_AUDIENCE_ID {"name":"projects/826972253416/secrets/MAILCHIMP_AUDIENCE_ID","replication":{"automatic":{}},"createTime":"2026-02-20T14:37:16.440423Z","labels":{"firebase-managed":"functions"},"etag":"\"164b425b9e5774\""}
[debug] [2026-07-25T04:36:12.560Z] Checked if tokens are valid: true, expires at: 1784957429103
[debug] [2026-07-25T04:36:12.561Z] Checked if tokens are valid: true, expires at: 1784957429103
[debug] [2026-07-25T04:36:12.561Z] >>> [apiv2][query] GET https://secretmanager.googleapis.com/v1/projects/alkahf-41600/secrets/MAILCHIMP_AUDIENCE_ID/versions/latest [none]
[debug] [2026-07-25T04:36:12.893Z] <<< [apiv2][status] GET https://secretmanager.googleapis.com/v1/projects/alkahf-41600/secrets/MAILCHIMP_AUDIENCE_ID/versions/latest 200
[debug] [2026-07-25T04:36:12.893Z] <<< [apiv2][body] GET https://secretmanager.googleapis.com/v1/projects/alkahf-41600/secrets/MAILCHIMP_AUDIENCE_ID/versions/latest {"name":"projects/826972253416/secrets/MAILCHIMP_AUDIENCE_ID/versions/2","createTime":"2026-02-20T15:01:03.526801Z","state":"ENABLED","replicationStatus":{"automatic":{}},"etag":"\"164b42b0a0f391\""}
[debug] [2026-07-25T04:36:12.893Z] Checked if tokens are valid: true, expires at: 1784957429103
[debug] [2026-07-25T04:36:12.894Z] Checked if tokens are valid: true, expires at: 1784957429103
[debug] [2026-07-25T04:36:12.894Z] >>> [apiv2][query] GET https://secretmanager.googleapis.com/v1/projects/alkahf-41600/secrets/MAILCHIMP_SERVER_PREFIX [none]
[debug] [2026-07-25T04:36:13.238Z] <<< [apiv2][status] GET https://secretmanager.googleapis.com/v1/projects/alkahf-41600/secrets/MAILCHIMP_SERVER_PREFIX 200
[debug] [2026-07-25T04:36:13.238Z] <<< [apiv2][body] GET https://secretmanager.googleapis.com/v1/projects/alkahf-41600/secrets/MAILCHIMP_SERVER_PREFIX {"name":"projects/826972253416/secrets/MAILCHIMP_SERVER_PREFIX","replication":{"automatic":{}},"createTime":"2026-02-20T14:36:40.686313Z","labels":{"firebase-managed":"functions"},"etag":"\"164b4259808523\""}
[debug] [2026-07-25T04:36:13.238Z] Checked if tokens are valid: true, expires at: 1784957429103
[debug] [2026-07-25T04:36:13.239Z] Checked if tokens are valid: true, expires at: 1784957429103
[debug] [2026-07-25T04:36:13.239Z] >>> [apiv2][query] GET https://secretmanager.googleapis.com/v1/projects/alkahf-41600/secrets/MAILCHIMP_SERVER_PREFIX/versions/latest [none]
[debug] [2026-07-25T04:36:13.565Z] <<< [apiv2][status] GET https://secretmanager.googleapis.com/v1/projects/alkahf-41600/secrets/MAILCHIMP_SERVER_PREFIX/versions/latest 200
[debug] [2026-07-25T04:36:13.566Z] <<< [apiv2][body] GET https://secretmanager.googleapis.com/v1/projects/alkahf-41600/secrets/MAILCHIMP_SERVER_PREFIX/versions/latest {"name":"projects/826972253416/secrets/MAILCHIMP_SERVER_PREFIX/versions/3","createTime":"2026-02-20T15:39:03.052487Z","state":"ENABLED","replicationStatus":{"automatic":{}},"etag":"\"164b43387fc0c7\""}
[info] i  functions: preparing functions directory for uploading... 
[info] i  functions: packaged C:\Users\Alaee\al-kahf\functions (98.76 KB) for uploading 
[debug] [2026-07-25T04:36:13.770Z] Checked if tokens are valid: true, expires at: 1784957429103
[debug] [2026-07-25T04:36:13.770Z] Checked if tokens are valid: true, expires at: 1784957429103
[debug] [2026-07-25T04:36:13.771Z] >>> [apiv2][query] GET https://cloudfunctions.googleapis.com/v1/projects/alkahf-41600/locations/-/functions [none]
[debug] [2026-07-25T04:36:16.479Z] <<< [apiv2][status] GET https://cloudfunctions.googleapis.com/v1/projects/alkahf-41600/locations/-/functions 200
[debug] [2026-07-25T04:36:16.480Z] <<< [apiv2][body] GET https://cloudfunctions.googleapis.com/v1/projects/alkahf-41600/locations/-/functions {}
[debug] [2026-07-25T04:36:16.485Z] Checked if tokens are valid: true, expires at: 1784957429103
[debug] [2026-07-25T04:36:16.486Z] Checked if tokens are valid: true, expires at: 1784957429103
[debug] [2026-07-25T04:36:16.486Z] >>> [apiv2][query] GET https://cloudfunctions.googleapis.com/v2/projects/alkahf-41600/locations/-/functions filter=environment%3D%22GEN_2%22
[debug] [2026-07-25T04:36:17.639Z] <<< [apiv2][status] GET https://cloudfunctions.googleapis.com/v2/projects/alkahf-41600/locations/-/functions 200
[debug] [2026-07-25T04:36:17.639Z] <<< [apiv2][body] GET https://cloudfunctions.googleapis.com/v2/projects/alkahf-41600/locations/-/functions {"functions":[{"name":"projects/alkahf-41600/locations/europe-west1/functions/stripeWebhook","buildConfig":{"build":"projects/826972253416/locations/europe-west1/builds/d7dd68b9-8656-44d9-a8c0-f2458584ec14","runtime":"nodejs24","entryPoint":"stripeWebhook","source":{"storageSource":{"bucket":"gcf-v2-sources-826972253416-europe-west1","object":"stripeWebhook/function-source.zip","generation":"1784953863107773"}},"environmentVariables":{"GOOGLE_NODE_RUN_SCRIPTS":""},"dockerRepository":"projects/alkahf-41600/locations/europe-west1/repositories/gcf-artifacts","sourceProvenance":{"resolvedStorageSource":{"bucket":"gcf-v2-sources-826972253416-europe-west1","object":"stripeWebhook/function-source.zip","generation":"1784953863107773"}},"dockerRegistry":"ARTIFACT_REGISTRY","serviceAccount":"projects/alkahf-41600/serviceAccounts/826972253416-compute@developer.gserviceaccount.com","automaticUpdatePolicy":{}},"serviceConfig":{"service":"projects/alkahf-41600/locations/europe-west1/services/stripewebhook","timeoutSeconds":120,"environmentVariables":{"FIREBASE_CONFIG":"{\"projectId\":\"alkahf-41600\",\"storageBucket\":\"alkahf-41600.firebasestorage.app\"}","GCLOUD_PROJECT":"alkahf-41600","EVENTARC_CLOUD_EVENT_SOURCE":"projects/alkahf-41600/locations/europe-west1/services/stripeWebhook","FUNCTION_TARGET":"stripeWebhook","LOG_EXECUTION_ID":"true","FUNCTION_SIGNATURE_TYPE":"http"},"maxInstanceCount":20,"ingressSettings":"ALLOW_ALL","uri":"https://stripewebhook-v7ywmuwhiq-ew.a.run.app","serviceAccountEmail":"826972253416-compute@developer.gserviceaccount.com","availableMemory":"1024Mi","allTrafficOnLatestRevision":true,"secretEnvironmentVariables":[{"key":"STRIPE_SECRET","projectId":"alkahf-41600","secret":"STRIPE_SECRET","version":"16"},{"key":"STRIPE_WEBHOOK_SECRET","projectId":"alkahf-41600","secret":"STRIPE_WEBHOOK_SECRET","version":"5"},{"key":"RESEND_API_KEY","projectId":"alkahf-41600","secret":"RESEND_API_KEY","version":"1"},{"key":"RESEND_FROM","projectId":"alkahf-41600","secret":"RESEND_FROM","version":"3"},{"key":"SMTP_URL","projectId":"alkahf-41600","secret":"SMTP_URL","version":"2"},{"key":"SMTP_FROM","projectId":"alkahf-41600","secret":"SMTP_FROM","version":"1"}],"revision":"stripewebhook-00049-muk","maxInstanceRequestConcurrency":80,"availableCpu":"1"},"state":"ACTIVE","updateTime":"2026-07-25T04:31:58.505170623Z","labels":{"firebase-functions-hash":"b08554adf89b1956bbc70f2bea4ba77ade118f0c","deployment-tool":"cli-firebase","firebase-functions-codebase":"functions"},"environment":"GEN_2","url":"https://europe-west1-alkahf-41600.cloudfunctions.net/stripeWebhook","createTime":"2026-02-14T22:30:03.968807212Z","satisfiesPzi":true},{"name":"projects/alkahf-41600/locations/europe-west1/functions/resendInvoiceEmail","buildConfig":{"build":"projects/826972253416/locations/europe-west1/builds/e800cdea-7cbb-4718-ac6b-6fc63aba20bd","runtime":"nodejs24","entryPoint":"resendInvoiceEmail","source":{"storageSource":{"bucket":"gcf-v2-sources-826972253416-europe-west1","object":"resendInvoiceEmail/function-source.zip","generation":"1784953863003324"}},"environmentVariables":{"GOOGLE_NODE_RUN_SCRIPTS":""},"dockerRepository":"projects/alkahf-41600/locations/europe-west1/repositories/gcf-artifacts","sourceProvenance":{"resolvedStorageSource":{"bucket":"gcf-v2-sources-826972253416-europe-west1","object":"resendInvoiceEmail/function-source.zip","generation":"1784953863003324"}},"dockerRegistry":"ARTIFACT_REGISTRY","serviceAccount":"projects/alkahf-41600/serviceAccounts/826972253416-compute@developer.gserviceaccount.com","automaticUpdatePolicy":{}},"serviceConfig":{"service":"projects/alkahf-41600/locations/europe-west1/services/resendinvoiceemail","timeoutSeconds":120,"environmentVariables":{"FIREBASE_CONFIG":"{\"projectId\":\"alkahf-41600\",\"storageBucket\":\"alkahf-41600.firebasestorage.app\"}","GCLOUD_PROJECT":"alkahf-41600","EVENTARC_CLOUD_EVENT_SOURCE":"projects/alkahf-41600/locations/europe-west1/services/resendInvoiceEmail","FUNCTION_TARGET":"resendInvoiceEmail","LOG_EXECUTION_ID":"true","FUNCTION_SIGNATURE_TYPE":"http"},"maxInstanceCount":20,"ingressSettings":"ALLOW_ALL","uri":"https://resendinvoiceemail-v7ywmuwhiq-ew.a.run.app","serviceAccountEmail":"826972253416-compute@developer.gserviceaccount.com","availableMemory":"1024Mi","allTrafficOnLatestRevision":true,"secretEnvironmentVariables":[{"key":"RESEND_API_KEY","projectId":"alkahf-41600","secret":"RESEND_API_KEY","version":"1"},{"key":"RESEND_FROM","projectId":"alkahf-41600","secret":"RESEND_FROM","version":"3"},{"key":"SMTP_URL","projectId":"alkahf-41600","secret":"SMTP_URL","version":"2"},{"key":"SMTP_FROM","projectId":"alkahf-41600","secret":"SMTP_FROM","version":"1"},{"key":"ADMIN_EMAILS","projectId":"alkahf-41600","secret":"ADMIN_EMAILS","version":"2"}],"revision":"resendinvoiceemail-00025-zaj","maxInstanceRequestConcurrency":80,"availableCpu":"1"},"state":"ACTIVE","updateTime":"2026-07-25T04:32:03.545107840Z","labels":{"firebase-functions-codebase":"functions","firebase-functions-hash":"2a0341953ac59195013c90f52f828ef52e991d26","deployment-tool":"cli-firebase","deployment-callable":"true"},"environment":"GEN_2","url":"https://europe-west1-alkahf-41600.cloudfunctions.net/resendInvoiceEmail","createTime":"2026-02-16T15:24:05.000813251Z","satisfiesPzi":true},{"name":"projects/alkahf-41600/locations/europe-west1/functions/syncNewsletterToMailchimp","buildConfig":{"build":"projects/826972253416/locations/europe-west1/builds/7578a43e-a610-4787-944c-3ba9594bd97f","runtime":"nodejs24","entryPoint":"syncNewsletterToMailchimp","source":{"storageSource":{"bucket":"gcf-v2-sources-826972253416-europe-west1","object":"syncNewsletterToMailchimp/function-source.zip","generation":"1784950522072104"}},"environmentVariables":{"GOOGLE_NODE_RUN_SCRIPTS":""},"dockerRepository":"projects/alkahf-41600/locations/europe-west1/repositories/gcf-artifacts","sourceProvenance":{"resolvedStorageSource":{"bucket":"gcf-v2-sources-826972253416-europe-west1","object":"syncNewsletterToMailchimp/function-source.zip","generation":"1784950522072104"}},"dockerRegistry":"ARTIFACT_REGISTRY","serviceAccount":"projects/alkahf-41600/serviceAccounts/826972253416-compute@developer.gserviceaccount.com","automaticUpdatePolicy":{}},"serviceConfig":{"service":"projects/alkahf-41600/locations/europe-west1/services/syncnewslettertomailchimp","timeoutSeconds":60,"environmentVariables":{"FIREBASE_CONFIG":"{\"projectId\":\"alkahf-41600\",\"storageBucket\":\"alkahf-41600.firebasestorage.app\"}","GCLOUD_PROJECT":"alkahf-41600","EVENTARC_CLOUD_EVENT_SOURCE":"projects/alkahf-41600/locations/europe-west1/services/syncNewsletterToMailchimp","FUNCTION_SIGNATURE_TYPE":"cloudevent","FUNCTION_TARGET":"syncNewsletterToMailchimp","LOG_EXECUTION_ID":"true"},"maxInstanceCount":20,"ingressSettings":"ALLOW_ALL","uri":"https://syncnewslettertomailchimp-v7ywmuwhiq-ew.a.run.app","serviceAccountEmail":"826972253416-compute@developer.gserviceaccount.com","availableMemory":"256Mi","allTrafficOnLatestRevision":true,"secretEnvironmentVariables":[{"key":"MAILCHIMP_API_KEY","projectId":"alkahf-41600","secret":"MAILCHIMP_API_KEY","version":"3"},{"key":"MAILCHIMP_AUDIENCE_ID","projectId":"alkahf-41600","secret":"MAILCHIMP_AUDIENCE_ID","version":"2"},{"key":"MAILCHIMP_SERVER_PREFIX","projectId":"alkahf-41600","secret":"MAILCHIMP_SERVER_PREFIX","version":"3"}],"revision":"syncnewslettertomailchimp-00021-geq","maxInstanceRequestConcurrency":80,"availableCpu":"1"},"eventTrigger":{"trigger":"projects/alkahf-41600/locations/europe-west1/triggers/syncnewslettertomailchimp-889860","triggerRegion":"europe-west1","eventType":"google.cloud.firestore.document.v1.created","eventFilters":[{"attribute":"database","value":"(default)"},{"attribute":"namespace","value":"(default)"},{"attribute":"document","value":"newsletter/{docId}","operator":"match-path-pattern"}],"pubsubTopic":"projects/alkahf-41600/topics/eventarc-europe-west1-syncnewslettertomailchimp-889860-198","serviceAccountEmail":"826972253416-compute@developer.gserviceaccount.com","retryPolicy":"RETRY_POLICY_DO_NOT_RETRY"},"state":"ACTIVE","updateTime":"2026-07-25T03:35:34.397076377Z","labels":{"deployment-tool":"cli-firebase","firebase-functions-codebase":"functions","firebase-functions-hash":"020afdaf4198eb24caf943f0a0c3f4fd906981f0"},"environment":"GEN_2","url":"https://europe-west1-alkahf-41600.cloudfunctions.net/syncNewsletterToMailchimp","createTime":"2026-02-20T14:42:22.420076593Z","satisfiesPzi":true},{"name":"projects/alkahf-41600/locations/europe-west1/functions/sitemap","buildConfig":{"build":"projects/826972253416/locations/europe-west1/builds/7578a43e-a610-4787-944c-3ba9594bd97f","runtime":"nodejs24","entryPoint":"sitemap","source":{"storageSource":{"bucket":"gcf-v2-sources-826972253416-europe-west1","object":"sitemap/function-source.zip","generation":"1784950470375330"}},"environmentVariables":{"GOOGLE_NODE_RUN_SCRIPTS":""},"dockerRepository":"projects/alkahf-41600/locations/europe-west1/repositories/gcf-artifacts","sourceProvenance":{"resolvedStorageSource":{"bucket":"gcf-v2-sources-826972253416-europe-west1","object":"sitemap/function-source.zip","generation":"1784950470375330"}},"dockerRegistry":"ARTIFACT_REGISTRY","serviceAccount":"projects/alkahf-41600/serviceAccounts/826972253416-compute@developer.gserviceaccount.com","automaticUpdatePolicy":{}},"serviceConfig":{"service":"projects/alkahf-41600/locations/europe-west1/services/sitemap","timeoutSeconds":60,"environmentVariables":{"FIREBASE_CONFIG":"{\"projectId\":\"alkahf-41600\",\"storageBucket\":\"alkahf-41600.firebasestorage.app\"}","GCLOUD_PROJECT":"alkahf-41600","EVENTARC_CLOUD_EVENT_SOURCE":"projects/alkahf-41600/locations/europe-west1/services/sitemap","FUNCTION_TARGET":"sitemap","LOG_EXECUTION_ID":"true"},"maxInstanceCount":20,"ingressSettings":"ALLOW_ALL","uri":"https://sitemap-v7ywmuwhiq-ew.a.run.app","serviceAccountEmail":"826972253416-compute@developer.gserviceaccount.com","availableMemory":"256Mi","allTrafficOnLatestRevision":true,"revision":"sitemap-00004-poz","maxInstanceRequestConcurrency":80,"availableCpu":"1"},"state":"ACTIVE","updateTime":"2026-07-25T03:35:30.281095468Z","labels":{"firebase-functions-hash":"8495fdf7ed2561e1b20f1977a599d7bc7eefbece","deployment-tool":"cli-firebase","firebase-functions-codebase":"functions"},"environment":"GEN_2","url":"https://europe-west1-alkahf-41600.cloudfunctions.net/sitemap","createTime":"2026-05-25T13:25:23.656927224Z","satisfiesPzi":true},{"name":"projects/alkahf-41600/locations/europe-west1/functions/resequenceInvoices2026","buildConfig":{"build":"projects/826972253416/locations/europe-west1/builds/2af4a086-532d-423b-a3fa-10bb274eeef0","runtime":"nodejs24","entryPoint":"resequenceInvoices2026","source":{"storageSource":{"bucket":"gcf-v2-sources-826972253416-europe-west1","object":"resequenceInvoices2026/function-source.zip","generation":"1784950471188443"}},"environmentVariables":{"GOOGLE_NODE_RUN_SCRIPTS":""},"dockerRepository":"projects/alkahf-41600/locations/europe-west1/repositories/gcf-artifacts","sourceProvenance":{"resolvedStorageSource":{"bucket":"gcf-v2-sources-826972253416-europe-west1","object":"resequenceInvoices2026/function-source.zip","generation":"1784950471188443"}},"dockerRegistry":"ARTIFACT_REGISTRY","serviceAccount":"projects/alkahf-41600/serviceAccounts/826972253416-compute@developer.gserviceaccount.com","automaticUpdatePolicy":{}},"serviceConfig":{"service":"projects/alkahf-41600/locations/europe-west1/services/resequenceinvoices2026","timeoutSeconds":120,"environmentVariables":{"FIREBASE_CONFIG":"{\"projectId\":\"alkahf-41600\",\"storageBucket\":\"alkahf-41600.firebasestorage.app\"}","GCLOUD_PROJECT":"alkahf-41600","EVENTARC_CLOUD_EVENT_SOURCE":"projects/alkahf-41600/locations/europe-west1/services/resequenceInvoices2026","FUNCTION_TARGET":"resequenceInvoices2026","LOG_EXECUTION_ID":"true"},"maxInstanceCount":20,"ingressSettings":"ALLOW_ALL","uri":"https://resequenceinvoices2026-v7ywmuwhiq-ew.a.run.app","serviceAccountEmail":"826972253416-compute@developer.gserviceaccount.com","availableMemory":"512Mi","allTrafficOnLatestRevision":true,"secretEnvironmentVariables":[{"key":"ADMIN_EMAILS","projectId":"alkahf-41600","secret":"ADMIN_EMAILS","version":"2"}],"revision":"resequenceinvoices2026-00009-xog","maxInstanceRequestConcurrency":80,"availableCpu":"1"},"state":"ACTIVE","updateTime":"2026-07-25T03:35:30.827539570Z","labels":{"deployment-tool":"cli-firebase","deployment-callable":"true","firebase-functions-codebase":"functions","firebase-functions-hash":"70a8b0986c028e50bc8e2706e177aec6f27c0abc"},"environment":"GEN_2","url":"https://europe-west1-alkahf-41600.cloudfunctions.net/resequenceInvoices2026","createTime":"2026-03-01T22:23:36.271396712Z","satisfiesPzi":true},{"name":"projects/alkahf-41600/locations/europe-west1/functions/finalizeOrderAfterPayment","buildConfig":{"build":"projects/826972253416/locations/europe-west1/builds/3266de29-b846-4bf4-b44c-34217b0a720f","runtime":"nodejs24","entryPoint":"finalizeOrderAfterPayment","source":{"storageSource":{"bucket":"gcf-v2-sources-826972253416-europe-west1","object":"finalizeOrderAfterPayment/function-source.zip","generation":"1784953862997174"}},"environmentVariables":{"GOOGLE_NODE_RUN_SCRIPTS":""},"dockerRepository":"projects/alkahf-41600/locations/europe-west1/repositories/gcf-artifacts","sourceProvenance":{"resolvedStorageSource":{"bucket":"gcf-v2-sources-826972253416-europe-west1","object":"finalizeOrderAfterPayment/function-source.zip","generation":"1784953862997174"}},"dockerRegistry":"ARTIFACT_REGISTRY","serviceAccount":"projects/alkahf-41600/serviceAccounts/826972253416-compute@developer.gserviceaccount.com","automaticUpdatePolicy":{}},"serviceConfig":{"service":"projects/alkahf-41600/locations/europe-west1/services/finalizeorderafterpayment","timeoutSeconds":120,"environmentVariables":{"FIREBASE_CONFIG":"{\"projectId\":\"alkahf-41600\",\"storageBucket\":\"alkahf-41600.firebasestorage.app\"}","GCLOUD_PROJECT":"alkahf-41600","EVENTARC_CLOUD_EVENT_SOURCE":"projects/alkahf-41600/locations/europe-west1/services/finalizeOrderAfterPayment","FUNCTION_TARGET":"finalizeOrderAfterPayment","LOG_EXECUTION_ID":"true"},"maxInstanceCount":20,"ingressSettings":"ALLOW_ALL","uri":"https://finalizeorderafterpayment-v7ywmuwhiq-ew.a.run.app","serviceAccountEmail":"826972253416-compute@developer.gserviceaccount.com","availableMemory":"1024Mi","allTrafficOnLatestRevision":true,"secretEnvironmentVariables":[{"key":"STRIPE_SECRET","projectId":"alkahf-41600","secret":"STRIPE_SECRET","version":"16"},{"key":"RESEND_API_KEY","projectId":"alkahf-41600","secret":"RESEND_API_KEY","version":"1"},{"key":"RESEND_FROM","projectId":"alkahf-41600","secret":"RESEND_FROM","version":"3"},{"key":"SMTP_URL","projectId":"alkahf-41600","secret":"SMTP_URL","version":"2"},{"key":"SMTP_FROM","projectId":"alkahf-41600","secret":"SMTP_FROM","version":"1"}],"revision":"finalizeorderafterpayment-00025-fur","maxInstanceRequestConcurrency":80,"availableCpu":"1"},"state":"ACTIVE","updateTime":"2026-07-25T04:31:50.498354648Z","labels":{"firebase-functions-codebase":"functions","firebase-functions-hash":"63c641f41ffd1360a4cabb319c3d9c268640929e","deployment-tool":"cli-firebase","deployment-callable":"true"},"environment":"GEN_2","url":"https://europe-west1-alkahf-41600.cloudfunctions.net/finalizeOrderAfterPayment","createTime":"2026-02-16T15:23:04.614301849Z","satisfiesPzi":true},{"name":"projects/alkahf-41600/locations/europe-west1/functions/createPaymentIntent","buildConfig":{"build":"projects/826972253416/locations/europe-west1/builds/7578a43e-a610-4787-944c-3ba9594bd97f","runtime":"nodejs24","entryPoint":"createPaymentIntent","source":{"storageSource":{"bucket":"gcf-v2-sources-826972253416-europe-west1","object":"createPaymentIntent/function-source.zip","generation":"1784950521981768"}},"environmentVariables":{"GOOGLE_NODE_RUN_SCRIPTS":""},"dockerRepository":"projects/alkahf-41600/locations/europe-west1/repositories/gcf-artifacts","sourceProvenance":{"resolvedStorageSource":{"bucket":"gcf-v2-sources-826972253416-europe-west1","object":"createPaymentIntent/function-source.zip","generation":"1784950521981768"}},"dockerRegistry":"ARTIFACT_REGISTRY","serviceAccount":"projects/alkahf-41600/serviceAccounts/826972253416-compute@developer.gserviceaccount.com","automaticUpdatePolicy":{}},"serviceConfig":{"service":"projects/alkahf-41600/locations/europe-west1/services/createpaymentintent","timeoutSeconds":60,"environmentVariables":{"FIREBASE_CONFIG":"{\"projectId\":\"alkahf-41600\",\"storageBucket\":\"alkahf-41600.firebasestorage.app\"}","GCLOUD_PROJECT":"alkahf-41600","EVENTARC_CLOUD_EVENT_SOURCE":"projects/alkahf-41600/locations/europe-west1/services/createPaymentIntent","FUNCTION_TARGET":"createPaymentIntent","LOG_EXECUTION_ID":"true","FUNCTION_SIGNATURE_TYPE":"http"},"maxInstanceCount":20,"ingressSettings":"ALLOW_ALL","uri":"https://createpaymentintent-v7ywmuwhiq-ew.a.run.app","serviceAccountEmail":"826972253416-compute@developer.gserviceaccount.com","availableMemory":"256Mi","allTrafficOnLatestRevision":true,"secretEnvironmentVariables":[{"key":"STRIPE_SECRET","projectId":"alkahf-41600","secret":"STRIPE_SECRET","version":"16"}],"revision":"createpaymentintent-00059-zam","maxInstanceRequestConcurrency":80,"availableCpu":"1"},"state":"ACTIVE","updateTime":"2026-07-25T03:35:34.160596934Z","labels":{"deployment-callable":"true","firebase-functions-codebase":"functions","firebase-functions-hash":"1b6bd51104803e9bf18970b7505b5597d7436d2c","deployment-tool":"cli-firebase"},"environment":"GEN_2","url":"https://europe-west1-alkahf-41600.cloudfunctions.net/createPaymentIntent","createTime":"2026-02-14T17:11:51.417738107Z","satisfiesPzi":true}]}
[debug] [2026-07-25T04:36:17.645Z] Checked if tokens are valid: true, expires at: 1784957429103
[debug] [2026-07-25T04:36:17.645Z] Checked if tokens are valid: true, expires at: 1784957429103
[debug] [2026-07-25T04:36:17.645Z] >>> [apiv2][query] GET https://firestore.googleapis.com/v1/projects/alkahf-41600/databases/(default) [none]
[debug] [2026-07-25T04:36:18.411Z] <<< [apiv2][status] GET https://firestore.googleapis.com/v1/projects/alkahf-41600/databases/(default) 200
[debug] [2026-07-25T04:36:18.417Z] <<< [apiv2][body] GET https://firestore.googleapis.com/v1/projects/alkahf-41600/databases/(default) {"name":"projects/alkahf-41600/databases/(default)","uid":"17f69d4d-c1e2-48cf-a960-f0b23a21606f","createTime":"2025-12-09T11:05:42.827214Z","updateTime":"2025-12-09T11:05:42.827214Z","locationId":"europe-west1","type":"FIRESTORE_NATIVE","concurrencyMode":"PESSIMISTIC","versionRetentionPeriod":"3600s","earliestVersionTime":"2026-07-25T03:36:16.757881Z","appEngineIntegrationMode":"DISABLED","pointInTimeRecoveryEnablement":"POINT_IN_TIME_RECOVERY_DISABLED","deleteProtectionState":"DELETE_PROTECTION_DISABLED","databaseEdition":"STANDARD","freeTier":true,"realtimeUpdatesMode":"REALTIME_UPDATES_MODE_ENABLED","etag":"IIO7lb2A7ZUDMOf8o4Kl5JID"}
[info] i  functions: ensuring required API run.googleapis.com is enabled... 
[info] i  functions: ensuring required API eventarc.googleapis.com is enabled... 
[info] i  functions: ensuring required API pubsub.googleapis.com is enabled... 
[info] i  functions: ensuring required API storage.googleapis.com is enabled... 
[info] i  functions: generating the service identity for pubsub.googleapis.com... 
[debug] [2026-07-25T04:36:18.441Z] Checked if tokens are valid: true, expires at: 1784957429103
[debug] [2026-07-25T04:36:18.442Z] Checked if tokens are valid: true, expires at: 1784957429103
[info] i  functions: generating the service identity for eventarc.googleapis.com... 
[debug] [2026-07-25T04:36:18.442Z] Checked if tokens are valid: true, expires at: 1784957429103
[debug] [2026-07-25T04:36:18.442Z] Checked if tokens are valid: true, expires at: 1784957429103
[debug] [2026-07-25T04:36:18.442Z] >>> [apiv2][query] POST https://serviceusage.googleapis.com/v1beta1/projects/826972253416/services/pubsub.googleapis.com:generateServiceIdentity [none]
[debug] [2026-07-25T04:36:18.443Z] >>> [apiv2][(partial)header] POST https://serviceusage.googleapis.com/v1beta1/projects/826972253416/services/pubsub.googleapis.com:generateServiceIdentity  x-goog-user-project=826972253416
[debug] [2026-07-25T04:36:18.443Z] >>> [apiv2][body] POST https://serviceusage.googleapis.com/v1beta1/projects/826972253416/services/pubsub.googleapis.com:generateServiceIdentity {}
[debug] [2026-07-25T04:36:18.445Z] >>> [apiv2][query] POST https://serviceusage.googleapis.com/v1beta1/projects/826972253416/services/eventarc.googleapis.com:generateServiceIdentity [none]
[debug] [2026-07-25T04:36:18.445Z] >>> [apiv2][(partial)header] POST https://serviceusage.googleapis.com/v1beta1/projects/826972253416/services/eventarc.googleapis.com:generateServiceIdentity  x-goog-user-project=826972253416
[debug] [2026-07-25T04:36:18.448Z] >>> [apiv2][body] POST https://serviceusage.googleapis.com/v1beta1/projects/826972253416/services/eventarc.googleapis.com:generateServiceIdentity {}
[debug] [2026-07-25T04:36:20.155Z] <<< [apiv2][status] POST https://serviceusage.googleapis.com/v1beta1/projects/826972253416/services/pubsub.googleapis.com:generateServiceIdentity 200
[debug] [2026-07-25T04:36:20.155Z] <<< [apiv2][body] POST https://serviceusage.googleapis.com/v1beta1/projects/826972253416/services/pubsub.googleapis.com:generateServiceIdentity {"name":"operations/finished.DONE_OPERATION","done":true,"response":{"@type":"type.googleapis.com/google.api.serviceusage.v1beta1.ServiceIdentity","email":"service-826972253416@gcp-sa-pubsub.iam.gserviceaccount.com","uniqueId":"117401411018108326352"}}
[debug] [2026-07-25T04:36:21.241Z] <<< [apiv2][status] POST https://serviceusage.googleapis.com/v1beta1/projects/826972253416/services/eventarc.googleapis.com:generateServiceIdentity 200
[debug] [2026-07-25T04:36:21.241Z] <<< [apiv2][body] POST https://serviceusage.googleapis.com/v1beta1/projects/826972253416/services/eventarc.googleapis.com:generateServiceIdentity {"name":"operations/finished.DONE_OPERATION","done":true,"response":{"@type":"type.googleapis.com/google.api.serviceusage.v1beta1.ServiceIdentity","email":"service-826972253416@gcp-sa-eventarc.iam.gserviceaccount.com","uniqueId":"101915300527389156647"}}
[info] i  functions: ensuring required API secretmanager.googleapis.com is enabled... 
[debug] [2026-07-25T04:36:21.262Z] Checked if tokens are valid: true, expires at: 1784957429103
[debug] [2026-07-25T04:36:21.263Z] Checked if tokens are valid: true, expires at: 1784957429103
[debug] [2026-07-25T04:36:21.263Z] Checked if tokens are valid: true, expires at: 1784957429103
[debug] [2026-07-25T04:36:21.264Z] Checked if tokens are valid: true, expires at: 1784957429103
[debug] [2026-07-25T04:36:21.265Z] Checked if tokens are valid: true, expires at: 1784957429103
[debug] [2026-07-25T04:36:21.265Z] Checked if tokens are valid: true, expires at: 1784957429103
[debug] [2026-07-25T04:36:21.265Z] Checked if tokens are valid: true, expires at: 1784957429103
[debug] [2026-07-25T04:36:21.266Z] Checked if tokens are valid: true, expires at: 1784957429103
[debug] [2026-07-25T04:36:21.266Z] Checked if tokens are valid: true, expires at: 1784957429103
[debug] [2026-07-25T04:36:21.266Z] Checked if tokens are valid: true, expires at: 1784957429103
[debug] [2026-07-25T04:36:21.267Z] Checked if tokens are valid: true, expires at: 1784957429103
[debug] [2026-07-25T04:36:21.267Z] Checked if tokens are valid: true, expires at: 1784957429103
[debug] [2026-07-25T04:36:21.267Z] Checked if tokens are valid: true, expires at: 1784957429103
[debug] [2026-07-25T04:36:21.267Z] Checked if tokens are valid: true, expires at: 1784957429103
[debug] [2026-07-25T04:36:21.268Z] Checked if tokens are valid: true, expires at: 1784957429103
[debug] [2026-07-25T04:36:21.268Z] Checked if tokens are valid: true, expires at: 1784957429103
[debug] [2026-07-25T04:36:21.268Z] Checked if tokens are valid: true, expires at: 1784957429103
[debug] [2026-07-25T04:36:21.269Z] Checked if tokens are valid: true, expires at: 1784957429103
[debug] [2026-07-25T04:36:21.269Z] Checked if tokens are valid: true, expires at: 1784957429103
[debug] [2026-07-25T04:36:21.269Z] Checked if tokens are valid: true, expires at: 1784957429103
[debug] [2026-07-25T04:36:21.270Z] >>> [apiv2][query] GET https://secretmanager.googleapis.com/v1/projects/alkahf-41600/secrets/STRIPE_SECRET/versions/latest [none]
[debug] [2026-07-25T04:36:21.272Z] >>> [apiv2][query] GET https://secretmanager.googleapis.com/v1/projects/alkahf-41600/secrets/RESEND_API_KEY/versions/latest [none]
[debug] [2026-07-25T04:36:21.274Z] >>> [apiv2][query] GET https://secretmanager.googleapis.com/v1/projects/alkahf-41600/secrets/RESEND_FROM/versions/latest [none]
[debug] [2026-07-25T04:36:21.276Z] >>> [apiv2][query] GET https://secretmanager.googleapis.com/v1/projects/alkahf-41600/secrets/SMTP_URL/versions/latest [none]
[debug] [2026-07-25T04:36:21.279Z] >>> [apiv2][query] GET https://secretmanager.googleapis.com/v1/projects/alkahf-41600/secrets/SMTP_FROM/versions/latest [none]
[debug] [2026-07-25T04:36:21.281Z] >>> [apiv2][query] GET https://secretmanager.googleapis.com/v1/projects/alkahf-41600/secrets/ADMIN_EMAILS/versions/latest [none]
[debug] [2026-07-25T04:36:21.282Z] >>> [apiv2][query] GET https://secretmanager.googleapis.com/v1/projects/alkahf-41600/secrets/STRIPE_WEBHOOK_SECRET/versions/latest [none]
[debug] [2026-07-25T04:36:21.288Z] >>> [apiv2][query] GET https://secretmanager.googleapis.com/v1/projects/alkahf-41600/secrets/MAILCHIMP_API_KEY/versions/latest [none]
[debug] [2026-07-25T04:36:21.290Z] >>> [apiv2][query] GET https://secretmanager.googleapis.com/v1/projects/alkahf-41600/secrets/MAILCHIMP_AUDIENCE_ID/versions/latest [none]
[debug] [2026-07-25T04:36:21.292Z] >>> [apiv2][query] GET https://secretmanager.googleapis.com/v1/projects/alkahf-41600/secrets/MAILCHIMP_SERVER_PREFIX/versions/latest [none]
[debug] [2026-07-25T04:36:22.007Z] <<< [apiv2][status] GET https://secretmanager.googleapis.com/v1/projects/alkahf-41600/secrets/RESEND_API_KEY/versions/latest 200
[debug] [2026-07-25T04:36:22.011Z] <<< [apiv2][body] GET https://secretmanager.googleapis.com/v1/projects/alkahf-41600/secrets/RESEND_API_KEY/versions/latest {"name":"projects/826972253416/secrets/RESEND_API_KEY/versions/1","createTime":"2026-02-16T02:28:40.373048Z","state":"ENABLED","replicationStatus":{"automatic":{}},"etag":"\"164ae7b6859738\""}
[debug] [2026-07-25T04:36:22.012Z] Resolved secret version of RESEND_API_KEY to 1.
[debug] [2026-07-25T04:36:22.033Z] <<< [apiv2][status] GET https://secretmanager.googleapis.com/v1/projects/alkahf-41600/secrets/STRIPE_SECRET/versions/latest 200
[debug] [2026-07-25T04:36:22.034Z] <<< [apiv2][body] GET https://secretmanager.googleapis.com/v1/projects/alkahf-41600/secrets/STRIPE_SECRET/versions/latest {"name":"projects/826972253416/secrets/STRIPE_SECRET/versions/16","createTime":"2026-02-15T20:19:07.285260Z","state":"ENABLED","replicationStatus":{"automatic":{}},"etag":"\"164ae28ce71f0c\""}
[debug] [2026-07-25T04:36:22.034Z] Resolved secret version of STRIPE_SECRET to 16.
[debug] [2026-07-25T04:36:22.041Z] <<< [apiv2][status] GET https://secretmanager.googleapis.com/v1/projects/alkahf-41600/secrets/MAILCHIMP_AUDIENCE_ID/versions/latest 200
[debug] [2026-07-25T04:36:22.045Z] <<< [apiv2][body] GET https://secretmanager.googleapis.com/v1/projects/alkahf-41600/secrets/MAILCHIMP_AUDIENCE_ID/versions/latest {"name":"projects/826972253416/secrets/MAILCHIMP_AUDIENCE_ID/versions/2","createTime":"2026-02-20T15:01:03.526801Z","state":"ENABLED","replicationStatus":{"automatic":{}},"etag":"\"164b42b0a0f391\""}
[debug] [2026-07-25T04:36:22.045Z] Resolved secret version of MAILCHIMP_AUDIENCE_ID to 2.
[debug] [2026-07-25T04:36:22.088Z] <<< [apiv2][status] GET https://secretmanager.googleapis.com/v1/projects/alkahf-41600/secrets/MAILCHIMP_SERVER_PREFIX/versions/latest 200
[debug] [2026-07-25T04:36:22.089Z] <<< [apiv2][body] GET https://secretmanager.googleapis.com/v1/projects/alkahf-41600/secrets/MAILCHIMP_SERVER_PREFIX/versions/latest {"name":"projects/826972253416/secrets/MAILCHIMP_SERVER_PREFIX/versions/3","createTime":"2026-02-20T15:39:03.052487Z","state":"ENABLED","replicationStatus":{"automatic":{}},"etag":"\"164b43387fc0c7\""}
[debug] [2026-07-25T04:36:22.089Z] Resolved secret version of MAILCHIMP_SERVER_PREFIX to 3.
[debug] [2026-07-25T04:36:22.262Z] <<< [apiv2][status] GET https://secretmanager.googleapis.com/v1/projects/alkahf-41600/secrets/RESEND_FROM/versions/latest 200
[debug] [2026-07-25T04:36:22.262Z] <<< [apiv2][body] GET https://secretmanager.googleapis.com/v1/projects/alkahf-41600/secrets/RESEND_FROM/versions/latest {"name":"projects/826972253416/secrets/RESEND_FROM/versions/3","createTime":"2026-07-25T04:30:48.094590Z","state":"ENABLED","replicationStatus":{"automatic":{}},"etag":"\"165767f40e5f7e\""}
[debug] [2026-07-25T04:36:22.262Z] Resolved secret version of RESEND_FROM to 3.
[debug] [2026-07-25T04:36:22.597Z] <<< [apiv2][status] GET https://secretmanager.googleapis.com/v1/projects/alkahf-41600/secrets/MAILCHIMP_API_KEY/versions/latest 200
[debug] [2026-07-25T04:36:22.598Z] <<< [apiv2][body] GET https://secretmanager.googleapis.com/v1/projects/alkahf-41600/secrets/MAILCHIMP_API_KEY/versions/latest {"name":"projects/826972253416/secrets/MAILCHIMP_API_KEY/versions/3","createTime":"2026-02-20T15:37:06.342404Z","state":"ENABLED","replicationStatus":{"automatic":{}},"etag":"\"164b43318ae604\""}
[debug] [2026-07-25T04:36:22.598Z] Resolved secret version of MAILCHIMP_API_KEY to 3.
[debug] [2026-07-25T04:36:23.494Z] <<< [apiv2][status] GET https://secretmanager.googleapis.com/v1/projects/alkahf-41600/secrets/SMTP_FROM/versions/latest 200
[debug] [2026-07-25T04:36:23.495Z] <<< [apiv2][body] GET https://secretmanager.googleapis.com/v1/projects/alkahf-41600/secrets/SMTP_FROM/versions/latest {"name":"projects/826972253416/secrets/SMTP_FROM/versions/1","createTime":"2026-02-16T16:58:44.608685Z","state":"ENABLED","replicationStatus":{"automatic":{}},"etag":"\"164af3de2302ad\""}
[debug] [2026-07-25T04:36:23.497Z] Resolved secret version of SMTP_FROM to 1.
[debug] [2026-07-25T04:36:23.950Z] <<< [apiv2][status] GET https://secretmanager.googleapis.com/v1/projects/alkahf-41600/secrets/SMTP_URL/versions/latest 200
[debug] [2026-07-25T04:36:23.951Z] <<< [apiv2][body] GET https://secretmanager.googleapis.com/v1/projects/alkahf-41600/secrets/SMTP_URL/versions/latest {"name":"projects/826972253416/secrets/SMTP_URL/versions/2","createTime":"2026-02-16T17:14:22.756192Z","state":"ENABLED","replicationStatus":{"automatic":{}},"etag":"\"164af4160e0160\""}
[debug] [2026-07-25T04:36:23.952Z] Resolved secret version of SMTP_URL to 2.
[debug] [2026-07-25T04:36:23.954Z] <<< [apiv2][status] GET https://secretmanager.googleapis.com/v1/projects/alkahf-41600/secrets/ADMIN_EMAILS/versions/latest 200
[debug] [2026-07-25T04:36:23.954Z] <<< [apiv2][body] GET https://secretmanager.googleapis.com/v1/projects/alkahf-41600/secrets/ADMIN_EMAILS/versions/latest {"name":"projects/826972253416/secrets/ADMIN_EMAILS/versions/2","createTime":"2026-02-16T16:41:09.254508Z","state":"ENABLED","replicationStatus":{"automatic":{}},"etag":"\"164af39f3b956c\""}
[debug] [2026-07-25T04:36:23.955Z] Resolved secret version of ADMIN_EMAILS to 2.
[debug] [2026-07-25T04:36:24.168Z] <<< [apiv2][status] GET https://secretmanager.googleapis.com/v1/projects/alkahf-41600/secrets/STRIPE_WEBHOOK_SECRET/versions/latest 200
[debug] [2026-07-25T04:36:24.168Z] <<< [apiv2][body] GET https://secretmanager.googleapis.com/v1/projects/alkahf-41600/secrets/STRIPE_WEBHOOK_SECRET/versions/latest {"name":"projects/826972253416/secrets/STRIPE_WEBHOOK_SECRET/versions/5","createTime":"2026-02-15T17:01:32.186982Z","state":"ENABLED","replicationStatus":{"automatic":{}},"etag":"\"164adfca48ad66\""}
[debug] [2026-07-25T04:36:24.169Z] Resolved secret version of STRIPE_WEBHOOK_SECRET to 5.
[debug] [2026-07-25T04:36:24.181Z] Checked if tokens are valid: true, expires at: 1784957429103
[debug] [2026-07-25T04:36:24.182Z] Checked if tokens are valid: true, expires at: 1784957429103
[debug] [2026-07-25T04:36:24.182Z] >>> [apiv2][query] GET https://cloudresourcemanager.googleapis.com/v1/projects/alkahf-41600 [none]
[debug] [2026-07-25T04:36:24.866Z] <<< [apiv2][status] GET https://cloudresourcemanager.googleapis.com/v1/projects/alkahf-41600 200
[debug] [2026-07-25T04:36:24.866Z] <<< [apiv2][body] GET https://cloudresourcemanager.googleapis.com/v1/projects/alkahf-41600 {"projectNumber":"826972253416","projectId":"alkahf-41600","lifecycleState":"ACTIVE","name":"alkahf","labels":{"firebase":"enabled","firebase-core":"disabled"},"createTime":"2025-12-09T11:04:20.186021Z"}
[debug] [2026-07-25T04:36:24.869Z] Checked if tokens are valid: true, expires at: 1784957429103
[debug] [2026-07-25T04:36:24.869Z] Checked if tokens are valid: true, expires at: 1784957429103
[debug] [2026-07-25T04:36:24.870Z] >>> [apiv2][query] GET https://compute.googleapis.com/compute/v1/projects/826972253416 [none]
[debug] [2026-07-25T04:36:25.665Z] <<< [apiv2][status] GET https://compute.googleapis.com/compute/v1/projects/826972253416 403
[debug] [2026-07-25T04:36:25.666Z] <<< [apiv2][body] GET https://compute.googleapis.com/compute/v1/projects/826972253416 {"error":{"code":403,"message":"Compute Engine API has not been used in project 826972253416 before or it is disabled. Enable it by visiting https://console.developers.google.com/apis/api/compute.googleapis.com/overview?project=826972253416 then retry. If you enabled this API recently, wait a few minutes for the action to propagate to our systems and retry.","errors":[{"message":"Compute Engine API has not been used in project 826972253416 before or it is disabled. Enable it by visiting https://console.developers.google.com/apis/api/compute.googleapis.com/overview?project=826972253416 then retry. If you enabled this API recently, wait a few minutes for the action to propagate to our systems and retry.","domain":"usageLimits","reason":"accessNotConfigured","extendedHelp":"https://console.developers.google.com"}],"status":"PERMISSION_DENIED","details":[{"@type":"type.googleapis.com/google.rpc.ErrorInfo","reason":"SERVICE_DISABLED","domain":"googleapis.com","metadata":{"consumer":"projects/826972253416","serviceTitle":"Compute Engine API","service":"compute.googleapis.com","activationUrl":"https://console.developers.google.com/apis/api/compute.googleapis.com/overview?project=826972253416","containerInfo":"826972253416"}},{"@type":"type.googleapis.com/google.rpc.LocalizedMessage","locale":"en-US","message":"Compute Engine API has not been used in project 826972253416 before or it is disabled. Enable it by visiting https://console.developers.google.com/apis/api/compute.googleapis.com/overview?project=826972253416 then retry. If you enabled this API recently, wait a few minutes for the action to propagate to our systems and retry."},{"@type":"type.googleapis.com/google.rpc.Help","links":[{"description":"Google developers console API activation","url":"https://console.developers.google.com/apis/api/compute.googleapis.com/overview?project=826972253416"}]}]}}
[debug] [2026-07-25T04:36:25.669Z] unable to look up default compute service account. Falling back to 826972253416-compute@developer.gserviceaccount.com. Error: {"name":"FirebaseError","children":[],"context":{"body":{"error":{"code":403,"message":"Compute Engine API has not been used in project 826972253416 before or it is disabled. Enable it by visiting https://console.developers.google.com/apis/api/compute.googleapis.com/overview?project=826972253416 then retry. If you enabled this API recently, wait a few minutes for the action to propagate to our systems and retry.","errors":[{"message":"Compute Engine API has not been used in project 826972253416 before or it is disabled. Enable it by visiting https://console.developers.google.com/apis/api/compute.googleapis.com/overview?project=826972253416 then retry. If you enabled this API recently, wait a few minutes for the action to propagate to our systems and retry.","domain":"usageLimits","reason":"accessNotConfigured","extendedHelp":"https://console.developers.google.com"}],"status":"PERMISSION_DENIED","details":[{"@type":"type.googleapis.com/google.rpc.ErrorInfo","reason":"SERVICE_DISABLED","domain":"googleapis.com","metadata":{"consumer":"projects/826972253416","serviceTitle":"Compute Engine API","service":"compute.googleapis.com","activationUrl":"https://console.developers.google.com/apis/api/compute.googleapis.com/overview?project=826972253416","containerInfo":"826972253416"}},{"@type":"type.googleapis.com/google.rpc.LocalizedMessage","locale":"en-US","message":"Compute Engine API has not been used in project 826972253416 before or it is disabled. Enable it by visiting https://console.developers.google.com/apis/api/compute.googleapis.com/overview?project=826972253416 then retry. If you enabled this API recently, wait a few minutes for the action to propagate to our systems and retry."},{"@type":"type.googleapis.com/google.rpc.Help","links":[{"description":"Google developers console API activation","url":"https://console.developers.google.com/apis/api/compute.googleapis.com/overview?project=826972253416"}]}]}},"response":{"statusCode":403}},"exit":1,"message":"Request to https://compute.googleapis.com/compute/v1/projects/826972253416 had HTTP Error: 403, Compute Engine API has not been used in project 826972253416 before or it is disabled. Enable it by visiting https://console.developers.google.com/apis/api/compute.googleapis.com/overview?project=826972253416 then retry. If you enabled this API recently, wait a few minutes for the action to propagate to our systems and retry.","status":403}
[debug] [2026-07-25T04:36:25.670Z] Checked if tokens are valid: true, expires at: 1784957429103
[debug] [2026-07-25T04:36:25.670Z] Checked if tokens are valid: true, expires at: 1784957429103
[debug] [2026-07-25T04:36:25.671Z] >>> [apiv2][query] GET https://compute.googleapis.com/compute/v1/projects/826972253416 [none]
[debug] [2026-07-25T04:36:25.969Z] <<< [apiv2][status] GET https://compute.googleapis.com/compute/v1/projects/826972253416 403
[debug] [2026-07-25T04:36:25.969Z] <<< [apiv2][body] GET https://compute.googleapis.com/compute/v1/projects/826972253416 {"error":{"code":403,"message":"Compute Engine API has not been used in project 826972253416 before or it is disabled. Enable it by visiting https://console.developers.google.com/apis/api/compute.googleapis.com/overview?project=826972253416 then retry. If you enabled this API recently, wait a few minutes for the action to propagate to our systems and retry.","errors":[{"message":"Compute Engine API has not been used in project 826972253416 before or it is disabled. Enable it by visiting https://console.developers.google.com/apis/api/compute.googleapis.com/overview?project=826972253416 then retry. If you enabled this API recently, wait a few minutes for the action to propagate to our systems and retry.","domain":"usageLimits","reason":"accessNotConfigured","extendedHelp":"https://console.developers.google.com"}],"status":"PERMISSION_DENIED","details":[{"@type":"type.googleapis.com/google.rpc.ErrorInfo","reason":"SERVICE_DISABLED","domain":"googleapis.com","metadata":{"serviceTitle":"Compute Engine API","activationUrl":"https://console.developers.google.com/apis/api/compute.googleapis.com/overview?project=826972253416","consumer":"projects/826972253416","containerInfo":"826972253416","service":"compute.googleapis.com"}},{"@type":"type.googleapis.com/google.rpc.LocalizedMessage","locale":"en-US","message":"Compute Engine API has not been used in project 826972253416 before or it is disabled. Enable it by visiting https://console.developers.google.com/apis/api/compute.googleapis.com/overview?project=826972253416 then retry. If you enabled this API recently, wait a few minutes for the action to propagate to our systems and retry."},{"@type":"type.googleapis.com/google.rpc.Help","links":[{"description":"Google developers console API activation","url":"https://console.developers.google.com/apis/api/compute.googleapis.com/overview?project=826972253416"}]}]}}
[debug] [2026-07-25T04:36:25.970Z] unable to look up default compute service account. Falling back to 826972253416-compute@developer.gserviceaccount.com. Error: {"name":"FirebaseError","children":[],"context":{"body":{"error":{"code":403,"message":"Compute Engine API has not been used in project 826972253416 before or it is disabled. Enable it by visiting https://console.developers.google.com/apis/api/compute.googleapis.com/overview?project=826972253416 then retry. If you enabled this API recently, wait a few minutes for the action to propagate to our systems and retry.","errors":[{"message":"Compute Engine API has not been used in project 826972253416 before or it is disabled. Enable it by visiting https://console.developers.google.com/apis/api/compute.googleapis.com/overview?project=826972253416 then retry. If you enabled this API recently, wait a few minutes for the action to propagate to our systems and retry.","domain":"usageLimits","reason":"accessNotConfigured","extendedHelp":"https://console.developers.google.com"}],"status":"PERMISSION_DENIED","details":[{"@type":"type.googleapis.com/google.rpc.ErrorInfo","reason":"SERVICE_DISABLED","domain":"googleapis.com","metadata":{"serviceTitle":"Compute Engine API","activationUrl":"https://console.developers.google.com/apis/api/compute.googleapis.com/overview?project=826972253416","consumer":"projects/826972253416","containerInfo":"826972253416","service":"compute.googleapis.com"}},{"@type":"type.googleapis.com/google.rpc.LocalizedMessage","locale":"en-US","message":"Compute Engine API has not been used in project 826972253416 before or it is disabled. Enable it by visiting https://console.developers.google.com/apis/api/compute.googleapis.com/overview?project=826972253416 then retry. If you enabled this API recently, wait a few minutes for the action to propagate to our systems and retry."},{"@type":"type.googleapis.com/google.rpc.Help","links":[{"description":"Google developers console API activation","url":"https://console.developers.google.com/apis/api/compute.googleapis.com/overview?project=826972253416"}]}]}},"response":{"statusCode":403}},"exit":1,"message":"Request to https://compute.googleapis.com/compute/v1/projects/826972253416 had HTTP Error: 403, Compute Engine API has not been used in project 826972253416 before or it is disabled. Enable it by visiting https://console.developers.google.com/apis/api/compute.googleapis.com/overview?project=826972253416 then retry. If you enabled this API recently, wait a few minutes for the action to propagate to our systems and retry.","status":403}
[debug] [2026-07-25T04:36:25.971Z] Checked if tokens are valid: true, expires at: 1784957429103
[debug] [2026-07-25T04:36:25.971Z] Checked if tokens are valid: true, expires at: 1784957429103
[debug] [2026-07-25T04:36:25.971Z] >>> [apiv2][query] GET https://compute.googleapis.com/compute/v1/projects/826972253416 [none]
[debug] [2026-07-25T04:36:26.296Z] <<< [apiv2][status] GET https://compute.googleapis.com/compute/v1/projects/826972253416 403
[debug] [2026-07-25T04:36:26.297Z] <<< [apiv2][body] GET https://compute.googleapis.com/compute/v1/projects/826972253416 {"error":{"code":403,"message":"Compute Engine API has not been used in project 826972253416 before or it is disabled. Enable it by visiting https://console.developers.google.com/apis/api/compute.googleapis.com/overview?project=826972253416 then retry. If you enabled this API recently, wait a few minutes for the action to propagate to our systems and retry.","errors":[{"message":"Compute Engine API has not been used in project 826972253416 before or it is disabled. Enable it by visiting https://console.developers.google.com/apis/api/compute.googleapis.com/overview?project=826972253416 then retry. If you enabled this API recently, wait a few minutes for the action to propagate to our systems and retry.","domain":"usageLimits","reason":"accessNotConfigured","extendedHelp":"https://console.developers.google.com"}],"status":"PERMISSION_DENIED","details":[{"@type":"type.googleapis.com/google.rpc.ErrorInfo","reason":"SERVICE_DISABLED","domain":"googleapis.com","metadata":{"consumer":"projects/826972253416","service":"compute.googleapis.com","serviceTitle":"Compute Engine API","containerInfo":"826972253416","activationUrl":"https://console.developers.google.com/apis/api/compute.googleapis.com/overview?project=826972253416"}},{"@type":"type.googleapis.com/google.rpc.LocalizedMessage","locale":"en-US","message":"Compute Engine API has not been used in project 826972253416 before or it is disabled. Enable it by visiting https://console.developers.google.com/apis/api/compute.googleapis.com/overview?project=826972253416 then retry. If you enabled this API recently, wait a few minutes for the action to propagate to our systems and retry."},{"@type":"type.googleapis.com/google.rpc.Help","links":[{"description":"Google developers console API activation","url":"https://console.developers.google.com/apis/api/compute.googleapis.com/overview?project=826972253416"}]}]}}
[debug] [2026-07-25T04:36:26.298Z] unable to look up default compute service account. Falling back to 826972253416-compute@developer.gserviceaccount.com. Error: {"name":"FirebaseError","children":[],"context":{"body":{"error":{"code":403,"message":"Compute Engine API has not been used in project 826972253416 before or it is disabled. Enable it by visiting https://console.developers.google.com/apis/api/compute.googleapis.com/overview?project=826972253416 then retry. If you enabled this API recently, wait a few minutes for the action to propagate to our systems and retry.","errors":[{"message":"Compute Engine API has not been used in project 826972253416 before or it is disabled. Enable it by visiting https://console.developers.google.com/apis/api/compute.googleapis.com/overview?project=826972253416 then retry. If you enabled this API recently, wait a few minutes for the action to propagate to our systems and retry.","domain":"usageLimits","reason":"accessNotConfigured","extendedHelp":"https://console.developers.google.com"}],"status":"PERMISSION_DENIED","details":[{"@type":"type.googleapis.com/google.rpc.ErrorInfo","reason":"SERVICE_DISABLED","domain":"googleapis.com","metadata":{"consumer":"projects/826972253416","service":"compute.googleapis.com","serviceTitle":"Compute Engine API","containerInfo":"826972253416","activationUrl":"https://console.developers.google.com/apis/api/compute.googleapis.com/overview?project=826972253416"}},{"@type":"type.googleapis.com/google.rpc.LocalizedMessage","locale":"en-US","message":"Compute Engine API has not been used in project 826972253416 before or it is disabled. Enable it by visiting https://console.developers.google.com/apis/api/compute.googleapis.com/overview?project=826972253416 then retry. If you enabled this API recently, wait a few minutes for the action to propagate to our systems and retry."},{"@type":"type.googleapis.com/google.rpc.Help","links":[{"description":"Google developers console API activation","url":"https://console.developers.google.com/apis/api/compute.googleapis.com/overview?project=826972253416"}]}]}},"response":{"statusCode":403}},"exit":1,"message":"Request to https://compute.googleapis.com/compute/v1/projects/826972253416 had HTTP Error: 403, Compute Engine API has not been used in project 826972253416 before or it is disabled. Enable it by visiting https://console.developers.google.com/apis/api/compute.googleapis.com/overview?project=826972253416 then retry. If you enabled this API recently, wait a few minutes for the action to propagate to our systems and retry.","status":403}
[debug] [2026-07-25T04:36:26.299Z] Checked if tokens are valid: true, expires at: 1784957429103
[debug] [2026-07-25T04:36:26.299Z] Checked if tokens are valid: true, expires at: 1784957429103
[debug] [2026-07-25T04:36:26.301Z] >>> [apiv2][query] GET https://compute.googleapis.com/compute/v1/projects/826972253416 [none]
[debug] [2026-07-25T04:36:26.628Z] <<< [apiv2][status] GET https://compute.googleapis.com/compute/v1/projects/826972253416 403
[debug] [2026-07-25T04:36:26.628Z] <<< [apiv2][body] GET https://compute.googleapis.com/compute/v1/projects/826972253416 {"error":{"code":403,"message":"Compute Engine API has not been used in project 826972253416 before or it is disabled. Enable it by visiting https://console.developers.google.com/apis/api/compute.googleapis.com/overview?project=826972253416 then retry. If you enabled this API recently, wait a few minutes for the action to propagate to our systems and retry.","errors":[{"message":"Compute Engine API has not been used in project 826972253416 before or it is disabled. Enable it by visiting https://console.developers.google.com/apis/api/compute.googleapis.com/overview?project=826972253416 then retry. If you enabled this API recently, wait a few minutes for the action to propagate to our systems and retry.","domain":"usageLimits","reason":"accessNotConfigured","extendedHelp":"https://console.developers.google.com"}],"status":"PERMISSION_DENIED","details":[{"@type":"type.googleapis.com/google.rpc.ErrorInfo","reason":"SERVICE_DISABLED","domain":"googleapis.com","metadata":{"consumer":"projects/826972253416","containerInfo":"826972253416","activationUrl":"https://console.developers.google.com/apis/api/compute.googleapis.com/overview?project=826972253416","service":"compute.googleapis.com","serviceTitle":"Compute Engine API"}},{"@type":"type.googleapis.com/google.rpc.LocalizedMessage","locale":"en-US","message":"Compute Engine API has not been used in project 826972253416 before or it is disabled. Enable it by visiting https://console.developers.google.com/apis/api/compute.googleapis.com/overview?project=826972253416 then retry. If you enabled this API recently, wait a few minutes for the action to propagate to our systems and retry."},{"@type":"type.googleapis.com/google.rpc.Help","links":[{"description":"Google developers console API activation","url":"https://console.developers.google.com/apis/api/compute.googleapis.com/overview?project=826972253416"}]}]}}
[debug] [2026-07-25T04:36:26.629Z] unable to look up default compute service account. Falling back to 826972253416-compute@developer.gserviceaccount.com. Error: {"name":"FirebaseError","children":[],"context":{"body":{"error":{"code":403,"message":"Compute Engine API has not been used in project 826972253416 before or it is disabled. Enable it by visiting https://console.developers.google.com/apis/api/compute.googleapis.com/overview?project=826972253416 then retry. If you enabled this API recently, wait a few minutes for the action to propagate to our systems and retry.","errors":[{"message":"Compute Engine API has not been used in project 826972253416 before or it is disabled. Enable it by visiting https://console.developers.google.com/apis/api/compute.googleapis.com/overview?project=826972253416 then retry. If you enabled this API recently, wait a few minutes for the action to propagate to our systems and retry.","domain":"usageLimits","reason":"accessNotConfigured","extendedHelp":"https://console.developers.google.com"}],"status":"PERMISSION_DENIED","details":[{"@type":"type.googleapis.com/google.rpc.ErrorInfo","reason":"SERVICE_DISABLED","domain":"googleapis.com","metadata":{"consumer":"projects/826972253416","containerInfo":"826972253416","activationUrl":"https://console.developers.google.com/apis/api/compute.googleapis.com/overview?project=826972253416","service":"compute.googleapis.com","serviceTitle":"Compute Engine API"}},{"@type":"type.googleapis.com/google.rpc.LocalizedMessage","locale":"en-US","message":"Compute Engine API has not been used in project 826972253416 before or it is disabled. Enable it by visiting https://console.developers.google.com/apis/api/compute.googleapis.com/overview?project=826972253416 then retry. If you enabled this API recently, wait a few minutes for the action to propagate to our systems and retry."},{"@type":"type.googleapis.com/google.rpc.Help","links":[{"description":"Google developers console API activation","url":"https://console.developers.google.com/apis/api/compute.googleapis.com/overview?project=826972253416"}]}]}},"response":{"statusCode":403}},"exit":1,"message":"Request to https://compute.googleapis.com/compute/v1/projects/826972253416 had HTTP Error: 403, Compute Engine API has not been used in project 826972253416 before or it is disabled. Enable it by visiting https://console.developers.google.com/apis/api/compute.googleapis.com/overview?project=826972253416 then retry. If you enabled this API recently, wait a few minutes for the action to propagate to our systems and retry.","status":403}
[debug] [2026-07-25T04:36:26.630Z] Checked if tokens are valid: true, expires at: 1784957429103
[debug] [2026-07-25T04:36:26.630Z] Checked if tokens are valid: true, expires at: 1784957429103
[debug] [2026-07-25T04:36:26.631Z] >>> [apiv2][query] GET https://compute.googleapis.com/compute/v1/projects/826972253416 [none]
[debug] [2026-07-25T04:36:26.981Z] <<< [apiv2][status] GET https://compute.googleapis.com/compute/v1/projects/826972253416 403
[debug] [2026-07-25T04:36:26.982Z] <<< [apiv2][body] GET https://compute.googleapis.com/compute/v1/projects/826972253416 {"error":{"code":403,"message":"Compute Engine API has not been used in project 826972253416 before or it is disabled. Enable it by visiting https://console.developers.google.com/apis/api/compute.googleapis.com/overview?project=826972253416 then retry. If you enabled this API recently, wait a few minutes for the action to propagate to our systems and retry.","errors":[{"message":"Compute Engine API has not been used in project 826972253416 before or it is disabled. Enable it by visiting https://console.developers.google.com/apis/api/compute.googleapis.com/overview?project=826972253416 then retry. If you enabled this API recently, wait a few minutes for the action to propagate to our systems and retry.","domain":"usageLimits","reason":"accessNotConfigured","extendedHelp":"https://console.developers.google.com"}],"status":"PERMISSION_DENIED","details":[{"@type":"type.googleapis.com/google.rpc.ErrorInfo","reason":"SERVICE_DISABLED","domain":"googleapis.com","metadata":{"serviceTitle":"Compute Engine API","consumer":"projects/826972253416","activationUrl":"https://console.developers.google.com/apis/api/compute.googleapis.com/overview?project=826972253416","containerInfo":"826972253416","service":"compute.googleapis.com"}},{"@type":"type.googleapis.com/google.rpc.LocalizedMessage","locale":"en-US","message":"Compute Engine API has not been used in project 826972253416 before or it is disabled. Enable it by visiting https://console.developers.google.com/apis/api/compute.googleapis.com/overview?project=826972253416 then retry. If you enabled this API recently, wait a few minutes for the action to propagate to our systems and retry."},{"@type":"type.googleapis.com/google.rpc.Help","links":[{"description":"Google developers console API activation","url":"https://console.developers.google.com/apis/api/compute.googleapis.com/overview?project=826972253416"}]}]}}
[debug] [2026-07-25T04:36:26.983Z] unable to look up default compute service account. Falling back to 826972253416-compute@developer.gserviceaccount.com. Error: {"name":"FirebaseError","children":[],"context":{"body":{"error":{"code":403,"message":"Compute Engine API has not been used in project 826972253416 before or it is disabled. Enable it by visiting https://console.developers.google.com/apis/api/compute.googleapis.com/overview?project=826972253416 then retry. If you enabled this API recently, wait a few minutes for the action to propagate to our systems and retry.","errors":[{"message":"Compute Engine API has not been used in project 826972253416 before or it is disabled. Enable it by visiting https://console.developers.google.com/apis/api/compute.googleapis.com/overview?project=826972253416 then retry. If you enabled this API recently, wait a few minutes for the action to propagate to our systems and retry.","domain":"usageLimits","reason":"accessNotConfigured","extendedHelp":"https://console.developers.google.com"}],"status":"PERMISSION_DENIED","details":[{"@type":"type.googleapis.com/google.rpc.ErrorInfo","reason":"SERVICE_DISABLED","domain":"googleapis.com","metadata":{"serviceTitle":"Compute Engine API","consumer":"projects/826972253416","activationUrl":"https://console.developers.google.com/apis/api/compute.googleapis.com/overview?project=826972253416","containerInfo":"826972253416","service":"compute.googleapis.com"}},{"@type":"type.googleapis.com/google.rpc.LocalizedMessage","locale":"en-US","message":"Compute Engine API has not been used in project 826972253416 before or it is disabled. Enable it by visiting https://console.developers.google.com/apis/api/compute.googleapis.com/overview?project=826972253416 then retry. If you enabled this API recently, wait a few minutes for the action to propagate to our systems and retry."},{"@type":"type.googleapis.com/google.rpc.Help","links":[{"description":"Google developers console API activation","url":"https://console.developers.google.com/apis/api/compute.googleapis.com/overview?project=826972253416"}]}]}},"response":{"statusCode":403}},"exit":1,"message":"Request to https://compute.googleapis.com/compute/v1/projects/826972253416 had HTTP Error: 403, Compute Engine API has not been used in project 826972253416 before or it is disabled. Enable it by visiting https://console.developers.google.com/apis/api/compute.googleapis.com/overview?project=826972253416 then retry. If you enabled this API recently, wait a few minutes for the action to propagate to our systems and retry.","status":403}
[debug] [2026-07-25T04:36:26.986Z] Checked if tokens are valid: true, expires at: 1784957429103
[debug] [2026-07-25T04:36:26.986Z] Checked if tokens are valid: true, expires at: 1784957429103
[debug] [2026-07-25T04:36:26.991Z] >>> [apiv2][query] GET https://compute.googleapis.com/compute/v1/projects/826972253416 [none]
[debug] [2026-07-25T04:36:27.300Z] <<< [apiv2][status] GET https://compute.googleapis.com/compute/v1/projects/826972253416 403
[debug] [2026-07-25T04:36:27.301Z] <<< [apiv2][body] GET https://compute.googleapis.com/compute/v1/projects/826972253416 {"error":{"code":403,"message":"Compute Engine API has not been used in project 826972253416 before or it is disabled. Enable it by visiting https://console.developers.google.com/apis/api/compute.googleapis.com/overview?project=826972253416 then retry. If you enabled this API recently, wait a few minutes for the action to propagate to our systems and retry.","errors":[{"message":"Compute Engine API has not been used in project 826972253416 before or it is disabled. Enable it by visiting https://console.developers.google.com/apis/api/compute.googleapis.com/overview?project=826972253416 then retry. If you enabled this API recently, wait a few minutes for the action to propagate to our systems and retry.","domain":"usageLimits","reason":"accessNotConfigured","extendedHelp":"https://console.developers.google.com"}],"status":"PERMISSION_DENIED","details":[{"@type":"type.googleapis.com/google.rpc.ErrorInfo","reason":"SERVICE_DISABLED","domain":"googleapis.com","metadata":{"serviceTitle":"Compute Engine API","activationUrl":"https://console.developers.google.com/apis/api/compute.googleapis.com/overview?project=826972253416","consumer":"projects/826972253416","service":"compute.googleapis.com","containerInfo":"826972253416"}},{"@type":"type.googleapis.com/google.rpc.LocalizedMessage","locale":"en-US","message":"Compute Engine API has not been used in project 826972253416 before or it is disabled. Enable it by visiting https://console.developers.google.com/apis/api/compute.googleapis.com/overview?project=826972253416 then retry. If you enabled this API recently, wait a few minutes for the action to propagate to our systems and retry."},{"@type":"type.googleapis.com/google.rpc.Help","links":[{"description":"Google developers console API activation","url":"https://console.developers.google.com/apis/api/compute.googleapis.com/overview?project=826972253416"}]}]}}
[debug] [2026-07-25T04:36:27.301Z] unable to look up default compute service account. Falling back to 826972253416-compute@developer.gserviceaccount.com. Error: {"name":"FirebaseError","children":[],"context":{"body":{"error":{"code":403,"message":"Compute Engine API has not been used in project 826972253416 before or it is disabled. Enable it by visiting https://console.developers.google.com/apis/api/compute.googleapis.com/overview?project=826972253416 then retry. If you enabled this API recently, wait a few minutes for the action to propagate to our systems and retry.","errors":[{"message":"Compute Engine API has not been used in project 826972253416 before or it is disabled. Enable it by visiting https://console.developers.google.com/apis/api/compute.googleapis.com/overview?project=826972253416 then retry. If you enabled this API recently, wait a few minutes for the action to propagate to our systems and retry.","domain":"usageLimits","reason":"accessNotConfigured","extendedHelp":"https://console.developers.google.com"}],"status":"PERMISSION_DENIED","details":[{"@type":"type.googleapis.com/google.rpc.ErrorInfo","reason":"SERVICE_DISABLED","domain":"googleapis.com","metadata":{"serviceTitle":"Compute Engine API","activationUrl":"https://console.developers.google.com/apis/api/compute.googleapis.com/overview?project=826972253416","consumer":"projects/826972253416","service":"compute.googleapis.com","containerInfo":"826972253416"}},{"@type":"type.googleapis.com/google.rpc.LocalizedMessage","locale":"en-US","message":"Compute Engine API has not been used in project 826972253416 before or it is disabled. Enable it by visiting https://console.developers.google.com/apis/api/compute.googleapis.com/overview?project=826972253416 then retry. If you enabled this API recently, wait a few minutes for the action to propagate to our systems and retry."},{"@type":"type.googleapis.com/google.rpc.Help","links":[{"description":"Google developers console API activation","url":"https://console.developers.google.com/apis/api/compute.googleapis.com/overview?project=826972253416"}]}]}},"response":{"statusCode":403}},"exit":1,"message":"Request to https://compute.googleapis.com/compute/v1/projects/826972253416 had HTTP Error: 403, Compute Engine API has not been used in project 826972253416 before or it is disabled. Enable it by visiting https://console.developers.google.com/apis/api/compute.googleapis.com/overview?project=826972253416 then retry. If you enabled this API recently, wait a few minutes for the action to propagate to our systems and retry.","status":403}
[debug] [2026-07-25T04:36:27.302Z] Checked if tokens are valid: true, expires at: 1784957429103
[debug] [2026-07-25T04:36:27.302Z] Checked if tokens are valid: true, expires at: 1784957429103
[debug] [2026-07-25T04:36:27.303Z] >>> [apiv2][query] GET https://compute.googleapis.com/compute/v1/projects/826972253416 [none]
[debug] [2026-07-25T04:36:27.619Z] <<< [apiv2][status] GET https://compute.googleapis.com/compute/v1/projects/826972253416 403
[debug] [2026-07-25T04:36:27.620Z] <<< [apiv2][body] GET https://compute.googleapis.com/compute/v1/projects/826972253416 {"error":{"code":403,"message":"Compute Engine API has not been used in project 826972253416 before or it is disabled. Enable it by visiting https://console.developers.google.com/apis/api/compute.googleapis.com/overview?project=826972253416 then retry. If you enabled this API recently, wait a few minutes for the action to propagate to our systems and retry.","errors":[{"message":"Compute Engine API has not been used in project 826972253416 before or it is disabled. Enable it by visiting https://console.developers.google.com/apis/api/compute.googleapis.com/overview?project=826972253416 then retry. If you enabled this API recently, wait a few minutes for the action to propagate to our systems and retry.","domain":"usageLimits","reason":"accessNotConfigured","extendedHelp":"https://console.developers.google.com"}],"status":"PERMISSION_DENIED","details":[{"@type":"type.googleapis.com/google.rpc.ErrorInfo","reason":"SERVICE_DISABLED","domain":"googleapis.com","metadata":{"consumer":"projects/826972253416","serviceTitle":"Compute Engine API","service":"compute.googleapis.com","containerInfo":"826972253416","activationUrl":"https://console.developers.google.com/apis/api/compute.googleapis.com/overview?project=826972253416"}},{"@type":"type.googleapis.com/google.rpc.LocalizedMessage","locale":"en-US","message":"Compute Engine API has not been used in project 826972253416 before or it is disabled. Enable it by visiting https://console.developers.google.com/apis/api/compute.googleapis.com/overview?project=826972253416 then retry. If you enabled this API recently, wait a few minutes for the action to propagate to our systems and retry."},{"@type":"type.googleapis.com/google.rpc.Help","links":[{"description":"Google developers console API activation","url":"https://console.developers.google.com/apis/api/compute.googleapis.com/overview?project=826972253416"}]}]}}
[debug] [2026-07-25T04:36:27.624Z] unable to look up default compute service account. Falling back to 826972253416-compute@developer.gserviceaccount.com. Error: {"name":"FirebaseError","children":[],"context":{"body":{"error":{"code":403,"message":"Compute Engine API has not been used in project 826972253416 before or it is disabled. Enable it by visiting https://console.developers.google.com/apis/api/compute.googleapis.com/overview?project=826972253416 then retry. If you enabled this API recently, wait a few minutes for the action to propagate to our systems and retry.","errors":[{"message":"Compute Engine API has not been used in project 826972253416 before or it is disabled. Enable it by visiting https://console.developers.google.com/apis/api/compute.googleapis.com/overview?project=826972253416 then retry. If you enabled this API recently, wait a few minutes for the action to propagate to our systems and retry.","domain":"usageLimits","reason":"accessNotConfigured","extendedHelp":"https://console.developers.google.com"}],"status":"PERMISSION_DENIED","details":[{"@type":"type.googleapis.com/google.rpc.ErrorInfo","reason":"SERVICE_DISABLED","domain":"googleapis.com","metadata":{"consumer":"projects/826972253416","serviceTitle":"Compute Engine API","service":"compute.googleapis.com","containerInfo":"826972253416","activationUrl":"https://console.developers.google.com/apis/api/compute.googleapis.com/overview?project=826972253416"}},{"@type":"type.googleapis.com/google.rpc.LocalizedMessage","locale":"en-US","message":"Compute Engine API has not been used in project 826972253416 before or it is disabled. Enable it by visiting https://console.developers.google.com/apis/api/compute.googleapis.com/overview?project=826972253416 then retry. If you enabled this API recently, wait a few minutes for the action to propagate to our systems and retry."},{"@type":"type.googleapis.com/google.rpc.Help","links":[{"description":"Google developers console API activation","url":"https://console.developers.google.com/apis/api/compute.googleapis.com/overview?project=826972253416"}]}]}},"response":{"statusCode":403}},"exit":1,"message":"Request to https://compute.googleapis.com/compute/v1/projects/826972253416 had HTTP Error: 403, Compute Engine API has not been used in project 826972253416 before or it is disabled. Enable it by visiting https://console.developers.google.com/apis/api/compute.googleapis.com/overview?project=826972253416 then retry. If you enabled this API recently, wait a few minutes for the action to propagate to our systems and retry.","status":403}
[debug] [2026-07-25T04:36:27.635Z] Checked if tokens are valid: true, expires at: 1784957429103
[debug] [2026-07-25T04:36:27.635Z] Checked if tokens are valid: true, expires at: 1784957429103
[debug] [2026-07-25T04:36:27.636Z] >>> [apiv2][query] GET https://cloudbilling.googleapis.com/v1/projects/alkahf-41600/billingInfo [none]
[debug] [2026-07-25T04:36:28.873Z] <<< [apiv2][status] GET https://cloudbilling.googleapis.com/v1/projects/alkahf-41600/billingInfo 200
[debug] [2026-07-25T04:36:28.873Z] <<< [apiv2][body] GET https://cloudbilling.googleapis.com/v1/projects/alkahf-41600/billingInfo {"name":"projects/alkahf-41600/billingInfo","projectId":"alkahf-41600","billingAccountName":"billingAccounts/01425F-7F231D-E47205","billingEnabled":true}
[debug] [2026-07-25T04:36:28.875Z] Checked if tokens are valid: true, expires at: 1784957429103
[debug] [2026-07-25T04:36:28.875Z] Checked if tokens are valid: true, expires at: 1784957429103
[debug] [2026-07-25T04:36:28.875Z] >>> [apiv2][query] POST https://cloudfunctions.googleapis.com/v2/projects/alkahf-41600/locations/europe-west1/functions:generateUploadUrl [none]
[debug] [2026-07-25T04:36:29.491Z] <<< [apiv2][status] POST https://cloudfunctions.googleapis.com/v2/projects/alkahf-41600/locations/europe-west1/functions:generateUploadUrl 200
[debug] [2026-07-25T04:36:29.492Z] <<< [apiv2][body] POST https://cloudfunctions.googleapis.com/v2/projects/alkahf-41600/locations/europe-west1/functions:generateUploadUrl {"uploadUrl":"https://storage.googleapis.com/gcf-v2-uploads-826972253416.europe-west1.cloudfunctions.appspot.com/025aedd4-8df6-4cae-80f7-9da6ee4f1c59.zip?GoogleAccessId=service-826972253416@gcf-admin-robot.iam.gserviceaccount.com&Expires=1784955987&Signature=ED2ubyIhFPe6cy%2BR0hPTH8bG9tC3D8G3vXhPL%2B2HSR9aqLgwqpzQ9y1gqQ1oo83kS%2FLzwExDbXXYh7QggbIlkpPNxUhSUnZMtpHwJsbPl39iFw6rq6fw0apIHo21dsMRjiGQNvaNnxNGMQ1Cka42DyVCj6%2F1UlNQVjVDcmFJKk8wqCFC3yFBPVaI1ZWdocyGylRndqNcS%2Byw34ShtlufBMjpi9AJ2Gm%2FCJIqy%2B%2BaKsDkWpY8GBu5%2FFGmqVtkHrFpd8o6c1T03fkJ5gke2zwmDGFGDJiKs0sw4%2BWGE4890t1VvEt0cfCx3qnjVglKTDDLw7w1uPW5fFgAFpnCION7iw%3D%3D","storageSource":{"bucket":"gcf-v2-uploads-826972253416.europe-west1.cloudfunctions.appspot.com","object":"025aedd4-8df6-4cae-80f7-9da6ee4f1c59.zip"}}
[debug] [2026-07-25T04:36:29.493Z] >>> [apiv2][query] PUT https://storage.googleapis.com/gcf-v2-uploads-826972253416.europe-west1.cloudfunctions.appspot.com/025aedd4-8df6-4cae-80f7-9da6ee4f1c59.zip GoogleAccessId=service-826972253416%40gcf-admin-robot.iam.gserviceaccount.com&Expires=1784955987&Signature=ED2ubyIhFPe6cy%2BR0hPTH8bG9tC3D8G3vXhPL%2B2HSR9aqLgwqpzQ9y1gqQ1oo83kS%2FLzwExDbXXYh7QggbIlkpPNxUhSUnZMtpHwJsbPl39iFw6rq6fw0apIHo21dsMRjiGQNvaNnxNGMQ1Cka42DyVCj6%2F1UlNQVjVDcmFJKk8wqCFC3yFBPVaI1ZWdocyGylRndqNcS%2Byw34ShtlufBMjpi9AJ2Gm%2FCJIqy%2B%2BaKsDkWpY8GBu5%2FFGmqVtkHrFpd8o6c1T03fkJ5gke2zwmDGFGDJiKs0sw4%2BWGE4890t1VvEt0cfCx3qnjVglKTDDLw7w1uPW5fFgAFpnCION7iw%3D%3D
[debug] [2026-07-25T04:36:29.494Z] >>> [apiv2][body] PUT https://storage.googleapis.com/gcf-v2-uploads-826972253416.europe-west1.cloudfunctions.appspot.com/025aedd4-8df6-4cae-80f7-9da6ee4f1c59.zip [stream]
[debug] [2026-07-25T04:36:31.254Z] <<< [apiv2][status] PUT https://storage.googleapis.com/gcf-v2-uploads-826972253416.europe-west1.cloudfunctions.appspot.com/025aedd4-8df6-4cae-80f7-9da6ee4f1c59.zip 200
[debug] [2026-07-25T04:36:31.254Z] <<< [apiv2][body] PUT https://storage.googleapis.com/gcf-v2-uploads-826972253416.europe-west1.cloudfunctions.appspot.com/025aedd4-8df6-4cae-80f7-9da6ee4f1c59.zip [omitted]
[info] +  functions: functions source uploaded successfully 
[info] i  functions: Skipping the deploy of unchanged functions. 
[info] i  functions: updating Node.js 24 (2nd Gen) function functions:finalizeOrderAfterPayment(europe-west1)... 
[info] i  functions: updating Node.js 24 (2nd Gen) function functions:resendInvoiceEmail(europe-west1)... 
[info] i  functions: updating Node.js 24 (2nd Gen) function functions:stripeWebhook(europe-west1)... 
[info] +  functions[functions:sitemap(europe-west1)] Skipped (No changes detected) 
[info] +  functions[functions:createPaymentIntent(europe-west1)] Skipped (No changes detected) 
[info] +  functions[functions:syncNewsletterToMailchimp(europe-west1)] Skipped (No changes detected) 
[info] +  functions[functions:resequenceInvoices2026(europe-west1)] Skipped (No changes detected) 
[debug] [2026-07-25T04:36:31.262Z] Checked if tokens are valid: true, expires at: 1784957429103
[debug] [2026-07-25T04:36:31.262Z] Checked if tokens are valid: true, expires at: 1784957429103
[debug] [2026-07-25T04:36:31.262Z] >>> [apiv2][query] PATCH https://cloudfunctions.googleapis.com/v2/projects/alkahf-41600/locations/europe-west1/functions/finalizeOrderAfterPayment updateMask=name%2CbuildConfig.runtime%2CbuildConfig.entryPoint%2CbuildConfig.source.storageSource.bucket%2CbuildConfig.source.storageSource.object%2CbuildConfig.environmentVariables%2CbuildConfig.sourceToken%2CserviceConfig.environmentVariables%2CserviceConfig.secretEnvironmentVariables%2CserviceConfig.ingressSettings%2CserviceConfig.timeoutSeconds%2CserviceConfig.serviceAccountEmail%2CserviceConfig.availableMemory%2CserviceConfig.minInstanceCount%2CserviceConfig.maxInstanceCount%2CserviceConfig.maxInstanceRequestConcurrency%2CserviceConfig.availableCpu%2CserviceConfig.vpcConnector%2CserviceConfig.vpcConnectorEgressSettings%2Clabels
[debug] [2026-07-25T04:36:31.262Z] >>> [apiv2][body] PATCH https://cloudfunctions.googleapis.com/v2/projects/alkahf-41600/locations/europe-west1/functions/finalizeOrderAfterPayment {"name":"projects/alkahf-41600/locations/europe-west1/functions/finalizeOrderAfterPayment","buildConfig":{"runtime":"nodejs24","entryPoint":"finalizeOrderAfterPayment","source":{"storageSource":{"bucket":"gcf-v2-uploads-826972253416.europe-west1.cloudfunctions.appspot.com","object":"025aedd4-8df6-4cae-80f7-9da6ee4f1c59.zip"}},"environmentVariables":{"GOOGLE_NODE_RUN_SCRIPTS":""}},"serviceConfig":{"environmentVariables":{"FIREBASE_CONFIG":"{\"projectId\":\"alkahf-41600\",\"storageBucket\":\"alkahf-41600.firebasestorage.app\"}","GCLOUD_PROJECT":"alkahf-41600","EVENTARC_CLOUD_EVENT_SOURCE":"projects/alkahf-41600/locations/europe-west1/services/finalizeOrderAfterPayment","FUNCTION_TARGET":"finalizeOrderAfterPayment","LOG_EXECUTION_ID":"true"},"secretEnvironmentVariables":[{"key":"STRIPE_SECRET","secret":"STRIPE_SECRET","projectId":"alkahf-41600","version":"16"},{"key":"RESEND_API_KEY","secret":"RESEND_API_KEY","projectId":"alkahf-41600","version":"1"},{"key":"RESEND_FROM","secret":"RESEND_FROM","projectId":"alkahf-41600","version":"3"},{"key":"SMTP_URL","secret":"SMTP_URL","projectId":"alkahf-41600","version":"2"},{"key":"SMTP_FROM","secret":"SMTP_FROM","projectId":"alkahf-41600","version":"1"}],"ingressSettings":null,"timeoutSeconds":120,"serviceAccountEmail":null,"availableMemory":"1024Mi","minInstanceCount":null,"maxInstanceCount":null,"maxInstanceRequestConcurrency":80,"availableCpu":"1","vpcConnector":null,"vpcConnectorEgressSettings":null},"labels":{"deployment-tool":"cli-firebase","deployment-callable":"true","firebase-functions-codebase":"functions","firebase-functions-hash":"3a6c1ab52755d7104bd93cc943a62907bb6d319a"}}
[debug] [2026-07-25T04:36:32.504Z] <<< [apiv2][status] PATCH https://cloudfunctions.googleapis.com/v2/projects/alkahf-41600/locations/europe-west1/functions/finalizeOrderAfterPayment 200
[debug] [2026-07-25T04:36:32.504Z] <<< [apiv2][body] PATCH https://cloudfunctions.googleapis.com/v2/projects/alkahf-41600/locations/europe-west1/functions/finalizeOrderAfterPayment {"name":"projects/alkahf-41600/locations/europe-west1/operations/operation-1784954189882-65768086da448-ea87fa7b-28e02aea","metadata":{"@type":"type.googleapis.com/google.cloud.functions.v2.OperationMetadata","createTime":"2026-07-25T04:36:30.832655390Z","target":"projects/alkahf-41600/locations/europe-west1/functions/finalizeOrderAfterPayment","verb":"update","cancelRequested":false,"apiVersion":"v2"},"done":false}
[debug] [2026-07-25T04:36:32.506Z] Checked if tokens are valid: true, expires at: 1784957429103
[debug] [2026-07-25T04:36:32.506Z] Checked if tokens are valid: true, expires at: 1784957429103
[debug] [2026-07-25T04:36:32.506Z] >>> [apiv2][query] GET https://cloudfunctions.googleapis.com/v2/projects/alkahf-41600/locations/europe-west1/operations/operation-1784954189882-65768086da448-ea87fa7b-28e02aea [none]
[debug] [2026-07-25T04:36:32.723Z] <<< [apiv2][status] GET https://cloudfunctions.googleapis.com/v2/projects/alkahf-41600/locations/europe-west1/operations/operation-1784954189882-65768086da448-ea87fa7b-28e02aea 200
[debug] [2026-07-25T04:36:32.723Z] <<< [apiv2][body] GET https://cloudfunctions.googleapis.com/v2/projects/alkahf-41600/locations/europe-west1/operations/operation-1784954189882-65768086da448-ea87fa7b-28e02aea {"name":"projects/alkahf-41600/locations/europe-west1/operations/operation-1784954189882-65768086da448-ea87fa7b-28e02aea","metadata":{"@type":"type.googleapis.com/google.cloud.functions.v2.OperationMetadata","createTime":"2026-07-25T04:36:30.832655390Z","target":"projects/alkahf-41600/locations/europe-west1/functions/finalizeOrderAfterPayment","verb":"update","cancelRequested":false,"apiVersion":"v2","requestResource":{"@type":"type.googleapis.com/google.cloud.functions.v2.Function","name":"projects/alkahf-41600/locations/europe-west1/functions/finalizeOrderAfterPayment","buildConfig":{"runtime":"nodejs24","entryPoint":"finalizeOrderAfterPayment","source":{"storageSource":{"bucket":"gcf-v2-sources-826972253416-europe-west1","object":"finalizeOrderAfterPayment/function-source.zip","generation":"1784954190783763"}},"environmentVariables":{"GOOGLE_NODE_RUN_SCRIPTS":""},"dockerRepository":"projects/alkahf-41600/locations/europe-west1/repositories/gcf-artifacts","sourceProvenance":{"resolvedStorageSource":{"bucket":"gcf-v2-sources-826972253416-europe-west1","object":"finalizeOrderAfterPayment/function-source.zip","generation":"1784953862997174"}},"dockerRegistry":"ARTIFACT_REGISTRY","serviceAccount":"projects/alkahf-41600/serviceAccounts/826972253416-compute@developer.gserviceaccount.com","automaticUpdatePolicy":{}},"serviceConfig":{"service":"projects/alkahf-41600/locations/europe-west1/services/finalizeorderafterpayment","timeoutSeconds":120,"environmentVariables":{"FIREBASE_CONFIG":"{\"projectId\":\"alkahf-41600\",\"storageBucket\":\"alkahf-41600.firebasestorage.app\"}","GCLOUD_PROJECT":"alkahf-41600","EVENTARC_CLOUD_EVENT_SOURCE":"projects/alkahf-41600/locations/europe-west1/services/finalizeOrderAfterPayment","FUNCTION_TARGET":"finalizeOrderAfterPayment","LOG_EXECUTION_ID":"true"},"ingressSettings":"ALLOW_ALL","uri":"https://finalizeorderafterpayment-v7ywmuwhiq-ew.a.run.app","serviceAccountEmail":"826972253416-compute@developer.gserviceaccount.com","availableMemory":"1024Mi","allTrafficOnLatestRevision":true,"secretEnvironmentVariables":[{"key":"STRIPE_SECRET","projectId":"alkahf-41600","secret":"STRIPE_SECRET","version":"16"},{"key":"RESEND_API_KEY","projectId":"alkahf-41600","secret":"RESEND_API_KEY","version":"1"},{"key":"RESEND_FROM","projectId":"alkahf-41600","secret":"RESEND_FROM","version":"3"},{"key":"SMTP_URL","projectId":"alkahf-41600","secret":"SMTP_URL","version":"2"},{"key":"SMTP_FROM","projectId":"alkahf-41600","secret":"SMTP_FROM","version":"1"}],"revision":"finalizeorderafterpayment-00025-fur","maxInstanceRequestConcurrency":80,"availableCpu":"1"},"state":"ACTIVE","labels":{"deployment-tool":"cli-firebase","deployment-callable":"true","firebase-functions-codebase":"functions","firebase-functions-hash":"3a6c1ab52755d7104bd93cc943a62907bb6d319a"},"environment":"GEN_2","url":"https://europe-west1-alkahf-41600.cloudfunctions.net/finalizeOrderAfterPayment","satisfiesPzi":true},"stages":[{"name":"BUILD","state":"NOT_STARTED"},{"name":"SERVICE","state":"NOT_STARTED"}],"operationType":"UPDATE_FUNCTION"},"done":false}
[debug] [2026-07-25T04:36:33.224Z] [update-functions-europe-west1-finalizeOrderAfterPayment] Retrying task index 0
[debug] [2026-07-25T04:36:33.225Z] Checked if tokens are valid: true, expires at: 1784957429103
[debug] [2026-07-25T04:36:33.225Z] Checked if tokens are valid: true, expires at: 1784957429103
[debug] [2026-07-25T04:36:33.225Z] >>> [apiv2][query] GET https://cloudfunctions.googleapis.com/v2/projects/alkahf-41600/locations/europe-west1/operations/operation-1784954189882-65768086da448-ea87fa7b-28e02aea [none]
[debug] [2026-07-25T04:36:33.463Z] <<< [apiv2][status] GET https://cloudfunctions.googleapis.com/v2/projects/alkahf-41600/locations/europe-west1/operations/operation-1784954189882-65768086da448-ea87fa7b-28e02aea 200
[debug] [2026-07-25T04:36:33.464Z] <<< [apiv2][body] GET https://cloudfunctions.googleapis.com/v2/projects/alkahf-41600/locations/europe-west1/operations/operation-1784954189882-65768086da448-ea87fa7b-28e02aea {"name":"projects/alkahf-41600/locations/europe-west1/operations/operation-1784954189882-65768086da448-ea87fa7b-28e02aea","metadata":{"@type":"type.googleapis.com/google.cloud.functions.v2.OperationMetadata","createTime":"2026-07-25T04:36:30.832655390Z","target":"projects/alkahf-41600/locations/europe-west1/functions/finalizeOrderAfterPayment","verb":"update","cancelRequested":false,"apiVersion":"v2","requestResource":{"@type":"type.googleapis.com/google.cloud.functions.v2.Function","name":"projects/alkahf-41600/locations/europe-west1/functions/finalizeOrderAfterPayment","buildConfig":{"runtime":"nodejs24","entryPoint":"finalizeOrderAfterPayment","source":{"storageSource":{"bucket":"gcf-v2-sources-826972253416-europe-west1","object":"finalizeOrderAfterPayment/function-source.zip","generation":"1784954190783763"}},"environmentVariables":{"GOOGLE_NODE_RUN_SCRIPTS":""},"dockerRepository":"projects/alkahf-41600/locations/europe-west1/repositories/gcf-artifacts","sourceProvenance":{"resolvedStorageSource":{"bucket":"gcf-v2-sources-826972253416-europe-west1","object":"finalizeOrderAfterPayment/function-source.zip","generation":"1784953862997174"}},"dockerRegistry":"ARTIFACT_REGISTRY","serviceAccount":"projects/alkahf-41600/serviceAccounts/826972253416-compute@developer.gserviceaccount.com","automaticUpdatePolicy":{}},"serviceConfig":{"service":"projects/alkahf-41600/locations/europe-west1/services/finalizeorderafterpayment","timeoutSeconds":120,"environmentVariables":{"FIREBASE_CONFIG":"{\"projectId\":\"alkahf-41600\",\"storageBucket\":\"alkahf-41600.firebasestorage.app\"}","GCLOUD_PROJECT":"alkahf-41600","EVENTARC_CLOUD_EVENT_SOURCE":"projects/alkahf-41600/locations/europe-west1/services/finalizeOrderAfterPayment","FUNCTION_TARGET":"finalizeOrderAfterPayment","LOG_EXECUTION_ID":"true"},"ingressSettings":"ALLOW_ALL","uri":"https://finalizeorderafterpayment-v7ywmuwhiq-ew.a.run.app","serviceAccountEmail":"826972253416-compute@developer.gserviceaccount.com","availableMemory":"1024Mi","allTrafficOnLatestRevision":true,"secretEnvironmentVariables":[{"key":"STRIPE_SECRET","projectId":"alkahf-41600","secret":"STRIPE_SECRET","version":"16"},{"key":"RESEND_API_KEY","projectId":"alkahf-41600","secret":"RESEND_API_KEY","version":"1"},{"key":"RESEND_FROM","projectId":"alkahf-41600","secret":"RESEND_FROM","version":"3"},{"key":"SMTP_URL","projectId":"alkahf-41600","secret":"SMTP_URL","version":"2"},{"key":"SMTP_FROM","projectId":"alkahf-41600","secret":"SMTP_FROM","version":"1"}],"revision":"finalizeorderafterpayment-00025-fur","maxInstanceRequestConcurrency":80,"availableCpu":"1"},"state":"ACTIVE","labels":{"deployment-tool":"cli-firebase","deployment-callable":"true","firebase-functions-codebase":"functions","firebase-functions-hash":"3a6c1ab52755d7104bd93cc943a62907bb6d319a"},"environment":"GEN_2","url":"https://europe-west1-alkahf-41600.cloudfunctions.net/finalizeOrderAfterPayment","satisfiesPzi":true},"stages":[{"name":"BUILD","state":"NOT_STARTED"},{"name":"SERVICE","state":"NOT_STARTED"}],"operationType":"UPDATE_FUNCTION"},"done":false}
[debug] [2026-07-25T04:36:34.481Z] [update-functions-europe-west1-finalizeOrderAfterPayment] Retrying task index 0
[debug] [2026-07-25T04:36:34.483Z] Checked if tokens are valid: true, expires at: 1784957429103
[debug] [2026-07-25T04:36:34.484Z] Checked if tokens are valid: true, expires at: 1784957429103
[debug] [2026-07-25T04:36:34.484Z] >>> [apiv2][query] GET https://cloudfunctions.googleapis.com/v2/projects/alkahf-41600/locations/europe-west1/operations/operation-1784954189882-65768086da448-ea87fa7b-28e02aea [none]
[debug] [2026-07-25T04:36:34.722Z] <<< [apiv2][status] GET https://cloudfunctions.googleapis.com/v2/projects/alkahf-41600/locations/europe-west1/operations/operation-1784954189882-65768086da448-ea87fa7b-28e02aea 200
[debug] [2026-07-25T04:36:34.722Z] <<< [apiv2][body] GET https://cloudfunctions.googleapis.com/v2/projects/alkahf-41600/locations/europe-west1/operations/operation-1784954189882-65768086da448-ea87fa7b-28e02aea {"name":"projects/alkahf-41600/locations/europe-west1/operations/operation-1784954189882-65768086da448-ea87fa7b-28e02aea","metadata":{"@type":"type.googleapis.com/google.cloud.functions.v2.OperationMetadata","createTime":"2026-07-25T04:36:30.832655390Z","target":"projects/alkahf-41600/locations/europe-west1/functions/finalizeOrderAfterPayment","verb":"update","cancelRequested":false,"apiVersion":"v2","requestResource":{"@type":"type.googleapis.com/google.cloud.functions.v2.Function","name":"projects/alkahf-41600/locations/europe-west1/functions/finalizeOrderAfterPayment","buildConfig":{"runtime":"nodejs24","entryPoint":"finalizeOrderAfterPayment","source":{"storageSource":{"bucket":"gcf-v2-sources-826972253416-europe-west1","object":"finalizeOrderAfterPayment/function-source.zip","generation":"1784954190783763"}},"environmentVariables":{"GOOGLE_NODE_RUN_SCRIPTS":""},"dockerRepository":"projects/alkahf-41600/locations/europe-west1/repositories/gcf-artifacts","sourceProvenance":{"resolvedStorageSource":{"bucket":"gcf-v2-sources-826972253416-europe-west1","object":"finalizeOrderAfterPayment/function-source.zip","generation":"1784953862997174"}},"dockerRegistry":"ARTIFACT_REGISTRY","serviceAccount":"projects/alkahf-41600/serviceAccounts/826972253416-compute@developer.gserviceaccount.com","automaticUpdatePolicy":{}},"serviceConfig":{"service":"projects/alkahf-41600/locations/europe-west1/services/finalizeorderafterpayment","timeoutSeconds":120,"environmentVariables":{"FIREBASE_CONFIG":"{\"projectId\":\"alkahf-41600\",\"storageBucket\":\"alkahf-41600.firebasestorage.app\"}","GCLOUD_PROJECT":"alkahf-41600","EVENTARC_CLOUD_EVENT_SOURCE":"projects/alkahf-41600/locations/europe-west1/services/finalizeOrderAfterPayment","FUNCTION_TARGET":"finalizeOrderAfterPayment","LOG_EXECUTION_ID":"true"},"ingressSettings":"ALLOW_ALL","uri":"https://finalizeorderafterpayment-v7ywmuwhiq-ew.a.run.app","serviceAccountEmail":"826972253416-compute@developer.gserviceaccount.com","availableMemory":"1024Mi","allTrafficOnLatestRevision":true,"secretEnvironmentVariables":[{"key":"STRIPE_SECRET","projectId":"alkahf-41600","secret":"STRIPE_SECRET","version":"16"},{"key":"RESEND_API_KEY","projectId":"alkahf-41600","secret":"RESEND_API_KEY","version":"1"},{"key":"RESEND_FROM","projectId":"alkahf-41600","secret":"RESEND_FROM","version":"3"},{"key":"SMTP_URL","projectId":"alkahf-41600","secret":"SMTP_URL","version":"2"},{"key":"SMTP_FROM","projectId":"alkahf-41600","secret":"SMTP_FROM","version":"1"}],"revision":"finalizeorderafterpayment-00025-fur","maxInstanceRequestConcurrency":80,"availableCpu":"1"},"state":"ACTIVE","labels":{"deployment-tool":"cli-firebase","deployment-callable":"true","firebase-functions-codebase":"functions","firebase-functions-hash":"3a6c1ab52755d7104bd93cc943a62907bb6d319a"},"environment":"GEN_2","url":"https://europe-west1-alkahf-41600.cloudfunctions.net/finalizeOrderAfterPayment","satisfiesPzi":true},"stages":[{"name":"BUILD","message":"Build in progress","state":"IN_PROGRESS","resource":"projects/826972253416/locations/europe-west1/builds/7c612046-1aaf-4149-a87b-34550043a844","resourceUri":"https://console.cloud.google.com/cloud-build/builds;region=europe-west1/7c612046-1aaf-4149-a87b-34550043a844?project=826972253416"},{"name":"SERVICE","state":"NOT_STARTED"}],"operationType":"UPDATE_FUNCTION","buildName":"projects/826972253416/locations/europe-west1/builds/7c612046-1aaf-4149-a87b-34550043a844"},"done":false}
[debug] [2026-07-25T04:36:36.757Z] [update-functions-europe-west1-finalizeOrderAfterPayment] Retrying task index 0
[debug] [2026-07-25T04:36:36.759Z] Checked if tokens are valid: true, expires at: 1784957429103
[debug] [2026-07-25T04:36:36.759Z] Checked if tokens are valid: true, expires at: 1784957429103
[debug] [2026-07-25T04:36:36.759Z] >>> [apiv2][query] GET https://cloudfunctions.googleapis.com/v2/projects/alkahf-41600/locations/europe-west1/operations/operation-1784954189882-65768086da448-ea87fa7b-28e02aea [none]
[debug] [2026-07-25T04:36:36.975Z] <<< [apiv2][status] GET https://cloudfunctions.googleapis.com/v2/projects/alkahf-41600/locations/europe-west1/operations/operation-1784954189882-65768086da448-ea87fa7b-28e02aea 200
[debug] [2026-07-25T04:36:36.976Z] <<< [apiv2][body] GET https://cloudfunctions.googleapis.com/v2/projects/alkahf-41600/locations/europe-west1/operations/operation-1784954189882-65768086da448-ea87fa7b-28e02aea {"name":"projects/alkahf-41600/locations/europe-west1/operations/operation-1784954189882-65768086da448-ea87fa7b-28e02aea","metadata":{"@type":"type.googleapis.com/google.cloud.functions.v2.OperationMetadata","createTime":"2026-07-25T04:36:30.832655390Z","target":"projects/alkahf-41600/locations/europe-west1/functions/finalizeOrderAfterPayment","verb":"update","cancelRequested":false,"apiVersion":"v2","requestResource":{"@type":"type.googleapis.com/google.cloud.functions.v2.Function","name":"projects/alkahf-41600/locations/europe-west1/functions/finalizeOrderAfterPayment","buildConfig":{"runtime":"nodejs24","entryPoint":"finalizeOrderAfterPayment","source":{"storageSource":{"bucket":"gcf-v2-sources-826972253416-europe-west1","object":"finalizeOrderAfterPayment/function-source.zip","generation":"1784954190783763"}},"environmentVariables":{"GOOGLE_NODE_RUN_SCRIPTS":""},"dockerRepository":"projects/alkahf-41600/locations/europe-west1/repositories/gcf-artifacts","sourceProvenance":{"resolvedStorageSource":{"bucket":"gcf-v2-sources-826972253416-europe-west1","object":"finalizeOrderAfterPayment/function-source.zip","generation":"1784953862997174"}},"dockerRegistry":"ARTIFACT_REGISTRY","serviceAccount":"projects/alkahf-41600/serviceAccounts/826972253416-compute@developer.gserviceaccount.com","automaticUpdatePolicy":{}},"serviceConfig":{"service":"projects/alkahf-41600/locations/europe-west1/services/finalizeorderafterpayment","timeoutSeconds":120,"environmentVariables":{"FIREBASE_CONFIG":"{\"projectId\":\"alkahf-41600\",\"storageBucket\":\"alkahf-41600.firebasestorage.app\"}","GCLOUD_PROJECT":"alkahf-41600","EVENTARC_CLOUD_EVENT_SOURCE":"projects/alkahf-41600/locations/europe-west1/services/finalizeOrderAfterPayment","FUNCTION_TARGET":"finalizeOrderAfterPayment","LOG_EXECUTION_ID":"true"},"ingressSettings":"ALLOW_ALL","uri":"https://finalizeorderafterpayment-v7ywmuwhiq-ew.a.run.app","serviceAccountEmail":"826972253416-compute@developer.gserviceaccount.com","availableMemory":"1024Mi","allTrafficOnLatestRevision":true,"secretEnvironmentVariables":[{"key":"STRIPE_SECRET","projectId":"alkahf-41600","secret":"STRIPE_SECRET","version":"16"},{"key":"RESEND_API_KEY","projectId":"alkahf-41600","secret":"RESEND_API_KEY","version":"1"},{"key":"RESEND_FROM","projectId":"alkahf-41600","secret":"RESEND_FROM","version":"3"},{"key":"SMTP_URL","projectId":"alkahf-41600","secret":"SMTP_URL","version":"2"},{"key":"SMTP_FROM","projectId":"alkahf-41600","secret":"SMTP_FROM","version":"1"}],"revision":"finalizeorderafterpayment-00025-fur","maxInstanceRequestConcurrency":80,"availableCpu":"1"},"state":"ACTIVE","labels":{"deployment-tool":"cli-firebase","deployment-callable":"true","firebase-functions-codebase":"functions","firebase-functions-hash":"3a6c1ab52755d7104bd93cc943a62907bb6d319a"},"environment":"GEN_2","url":"https://europe-west1-alkahf-41600.cloudfunctions.net/finalizeOrderAfterPayment","satisfiesPzi":true},"stages":[{"name":"BUILD","message":"Build in progress","state":"IN_PROGRESS","resource":"projects/826972253416/locations/europe-west1/builds/7c612046-1aaf-4149-a87b-34550043a844","resourceUri":"https://console.cloud.google.com/cloud-build/builds;region=europe-west1/7c612046-1aaf-4149-a87b-34550043a844?project=826972253416"},{"name":"SERVICE","state":"NOT_STARTED"}],"operationType":"UPDATE_FUNCTION","buildName":"projects/826972253416/locations/europe-west1/builds/7c612046-1aaf-4149-a87b-34550043a844"},"done":false}
[debug] [2026-07-25T04:36:40.982Z] [update-functions-europe-west1-finalizeOrderAfterPayment] Retrying task index 0
[debug] [2026-07-25T04:36:40.983Z] Checked if tokens are valid: true, expires at: 1784957429103
[debug] [2026-07-25T04:36:40.983Z] Checked if tokens are valid: true, expires at: 1784957429103
[debug] [2026-07-25T04:36:40.983Z] >>> [apiv2][query] GET https://cloudfunctions.googleapis.com/v2/projects/alkahf-41600/locations/europe-west1/operations/operation-1784954189882-65768086da448-ea87fa7b-28e02aea [none]
[debug] [2026-07-25T04:36:41.115Z] <<< [apiv2][status] GET https://cloudfunctions.googleapis.com/v2/projects/alkahf-41600/locations/europe-west1/operations/operation-1784954189882-65768086da448-ea87fa7b-28e02aea 200
[debug] [2026-07-25T04:36:41.115Z] <<< [apiv2][body] GET https://cloudfunctions.googleapis.com/v2/projects/alkahf-41600/locations/europe-west1/operations/operation-1784954189882-65768086da448-ea87fa7b-28e02aea {"name":"projects/alkahf-41600/locations/europe-west1/operations/operation-1784954189882-65768086da448-ea87fa7b-28e02aea","metadata":{"@type":"type.googleapis.com/google.cloud.functions.v2.OperationMetadata","createTime":"2026-07-25T04:36:30.832655390Z","target":"projects/alkahf-41600/locations/europe-west1/functions/finalizeOrderAfterPayment","verb":"update","cancelRequested":false,"apiVersion":"v2","requestResource":{"@type":"type.googleapis.com/google.cloud.functions.v2.Function","name":"projects/alkahf-41600/locations/europe-west1/functions/finalizeOrderAfterPayment","buildConfig":{"runtime":"nodejs24","entryPoint":"finalizeOrderAfterPayment","source":{"storageSource":{"bucket":"gcf-v2-sources-826972253416-europe-west1","object":"finalizeOrderAfterPayment/function-source.zip","generation":"1784954190783763"}},"environmentVariables":{"GOOGLE_NODE_RUN_SCRIPTS":""},"dockerRepository":"projects/alkahf-41600/locations/europe-west1/repositories/gcf-artifacts","sourceProvenance":{"resolvedStorageSource":{"bucket":"gcf-v2-sources-826972253416-europe-west1","object":"finalizeOrderAfterPayment/function-source.zip","generation":"1784953862997174"}},"dockerRegistry":"ARTIFACT_REGISTRY","serviceAccount":"projects/alkahf-41600/serviceAccounts/826972253416-compute@developer.gserviceaccount.com","automaticUpdatePolicy":{}},"serviceConfig":{"service":"projects/alkahf-41600/locations/europe-west1/services/finalizeorderafterpayment","timeoutSeconds":120,"environmentVariables":{"FIREBASE_CONFIG":"{\"projectId\":\"alkahf-41600\",\"storageBucket\":\"alkahf-41600.firebasestorage.app\"}","GCLOUD_PROJECT":"alkahf-41600","EVENTARC_CLOUD_EVENT_SOURCE":"projects/alkahf-41600/locations/europe-west1/services/finalizeOrderAfterPayment","FUNCTION_TARGET":"finalizeOrderAfterPayment","LOG_EXECUTION_ID":"true"},"ingressSettings":"ALLOW_ALL","uri":"https://finalizeorderafterpayment-v7ywmuwhiq-ew.a.run.app","serviceAccountEmail":"826972253416-compute@developer.gserviceaccount.com","availableMemory":"1024Mi","allTrafficOnLatestRevision":true,"secretEnvironmentVariables":[{"key":"STRIPE_SECRET","projectId":"alkahf-41600","secret":"STRIPE_SECRET","version":"16"},{"key":"RESEND_API_KEY","projectId":"alkahf-41600","secret":"RESEND_API_KEY","version":"1"},{"key":"RESEND_FROM","projectId":"alkahf-41600","secret":"RESEND_FROM","version":"3"},{"key":"SMTP_URL","projectId":"alkahf-41600","secret":"SMTP_URL","version":"2"},{"key":"SMTP_FROM","projectId":"alkahf-41600","secret":"SMTP_FROM","version":"1"}],"revision":"finalizeorderafterpayment-00025-fur","maxInstanceRequestConcurrency":80,"availableCpu":"1"},"state":"ACTIVE","labels":{"deployment-tool":"cli-firebase","deployment-callable":"true","firebase-functions-codebase":"functions","firebase-functions-hash":"3a6c1ab52755d7104bd93cc943a62907bb6d319a"},"environment":"GEN_2","url":"https://europe-west1-alkahf-41600.cloudfunctions.net/finalizeOrderAfterPayment","satisfiesPzi":true},"stages":[{"name":"BUILD","message":"Build in progress","state":"IN_PROGRESS","resource":"projects/826972253416/locations/europe-west1/builds/7c612046-1aaf-4149-a87b-34550043a844","resourceUri":"https://console.cloud.google.com/cloud-build/builds;region=europe-west1/7c612046-1aaf-4149-a87b-34550043a844?project=826972253416"},{"name":"SERVICE","state":"NOT_STARTED"}],"operationType":"UPDATE_FUNCTION","buildName":"projects/826972253416/locations/europe-west1/builds/7c612046-1aaf-4149-a87b-34550043a844"},"done":false}
[debug] [2026-07-25T04:36:49.127Z] [update-functions-europe-west1-finalizeOrderAfterPayment] Retrying task index 0
[debug] [2026-07-25T04:36:49.127Z] Checked if tokens are valid: true, expires at: 1784957429103
[debug] [2026-07-25T04:36:49.127Z] Checked if tokens are valid: true, expires at: 1784957429103
[debug] [2026-07-25T04:36:49.128Z] >>> [apiv2][query] GET https://cloudfunctions.googleapis.com/v2/projects/alkahf-41600/locations/europe-west1/operations/operation-1784954189882-65768086da448-ea87fa7b-28e02aea [none]
[debug] [2026-07-25T04:36:49.690Z] <<< [apiv2][status] GET https://cloudfunctions.googleapis.com/v2/projects/alkahf-41600/locations/europe-west1/operations/operation-1784954189882-65768086da448-ea87fa7b-28e02aea 200
[debug] [2026-07-25T04:36:49.691Z] <<< [apiv2][body] GET https://cloudfunctions.googleapis.com/v2/projects/alkahf-41600/locations/europe-west1/operations/operation-1784954189882-65768086da448-ea87fa7b-28e02aea {"name":"projects/alkahf-41600/locations/europe-west1/operations/operation-1784954189882-65768086da448-ea87fa7b-28e02aea","metadata":{"@type":"type.googleapis.com/google.cloud.functions.v2.OperationMetadata","createTime":"2026-07-25T04:36:30.832655390Z","target":"projects/alkahf-41600/locations/europe-west1/functions/finalizeOrderAfterPayment","verb":"update","cancelRequested":false,"apiVersion":"v2","requestResource":{"@type":"type.googleapis.com/google.cloud.functions.v2.Function","name":"projects/alkahf-41600/locations/europe-west1/functions/finalizeOrderAfterPayment","buildConfig":{"runtime":"nodejs24","entryPoint":"finalizeOrderAfterPayment","source":{"storageSource":{"bucket":"gcf-v2-sources-826972253416-europe-west1","object":"finalizeOrderAfterPayment/function-source.zip","generation":"1784954190783763"}},"environmentVariables":{"GOOGLE_NODE_RUN_SCRIPTS":""},"dockerRepository":"projects/alkahf-41600/locations/europe-west1/repositories/gcf-artifacts","sourceProvenance":{"resolvedStorageSource":{"bucket":"gcf-v2-sources-826972253416-europe-west1","object":"finalizeOrderAfterPayment/function-source.zip","generation":"1784953862997174"}},"dockerRegistry":"ARTIFACT_REGISTRY","serviceAccount":"projects/alkahf-41600/serviceAccounts/826972253416-compute@developer.gserviceaccount.com","automaticUpdatePolicy":{}},"serviceConfig":{"service":"projects/alkahf-41600/locations/europe-west1/services/finalizeorderafterpayment","timeoutSeconds":120,"environmentVariables":{"FIREBASE_CONFIG":"{\"projectId\":\"alkahf-41600\",\"storageBucket\":\"alkahf-41600.firebasestorage.app\"}","GCLOUD_PROJECT":"alkahf-41600","EVENTARC_CLOUD_EVENT_SOURCE":"projects/alkahf-41600/locations/europe-west1/services/finalizeOrderAfterPayment","FUNCTION_TARGET":"finalizeOrderAfterPayment","LOG_EXECUTION_ID":"true"},"ingressSettings":"ALLOW_ALL","uri":"https://finalizeorderafterpayment-v7ywmuwhiq-ew.a.run.app","serviceAccountEmail":"826972253416-compute@developer.gserviceaccount.com","availableMemory":"1024Mi","allTrafficOnLatestRevision":true,"secretEnvironmentVariables":[{"key":"STRIPE_SECRET","projectId":"alkahf-41600","secret":"STRIPE_SECRET","version":"16"},{"key":"RESEND_API_KEY","projectId":"alkahf-41600","secret":"RESEND_API_KEY","version":"1"},{"key":"RESEND_FROM","projectId":"alkahf-41600","secret":"RESEND_FROM","version":"3"},{"key":"SMTP_URL","projectId":"alkahf-41600","secret":"SMTP_URL","version":"2"},{"key":"SMTP_FROM","projectId":"alkahf-41600","secret":"SMTP_FROM","version":"1"}],"revision":"finalizeorderafterpayment-00025-fur","maxInstanceRequestConcurrency":80,"availableCpu":"1"},"state":"ACTIVE","labels":{"deployment-tool":"cli-firebase","deployment-callable":"true","firebase-functions-codebase":"functions","firebase-functions-hash":"3a6c1ab52755d7104bd93cc943a62907bb6d319a"},"environment":"GEN_2","url":"https://europe-west1-alkahf-41600.cloudfunctions.net/finalizeOrderAfterPayment","satisfiesPzi":true},"stages":[{"name":"BUILD","message":"Build in progress","state":"IN_PROGRESS","resource":"projects/826972253416/locations/europe-west1/builds/7c612046-1aaf-4149-a87b-34550043a844","resourceUri":"https://console.cloud.google.com/cloud-build/builds;region=europe-west1/7c612046-1aaf-4149-a87b-34550043a844?project=826972253416"},{"name":"SERVICE","state":"NOT_STARTED"}],"operationType":"UPDATE_FUNCTION","buildName":"projects/826972253416/locations/europe-west1/builds/7c612046-1aaf-4149-a87b-34550043a844"},"done":false}
[debug] [2026-07-25T04:36:59.708Z] [update-functions-europe-west1-finalizeOrderAfterPayment] Retrying task index 0
[debug] [2026-07-25T04:36:59.710Z] Checked if tokens are valid: true, expires at: 1784957429103
[debug] [2026-07-25T04:36:59.710Z] Checked if tokens are valid: true, expires at: 1784957429103
[debug] [2026-07-25T04:36:59.710Z] >>> [apiv2][query] GET https://cloudfunctions.googleapis.com/v2/projects/alkahf-41600/locations/europe-west1/operations/operation-1784954189882-65768086da448-ea87fa7b-28e02aea [none]
[debug] [2026-07-25T04:37:00.261Z] <<< [apiv2][status] GET https://cloudfunctions.googleapis.com/v2/projects/alkahf-41600/locations/europe-west1/operations/operation-1784954189882-65768086da448-ea87fa7b-28e02aea 200
[debug] [2026-07-25T04:37:00.262Z] <<< [apiv2][body] GET https://cloudfunctions.googleapis.com/v2/projects/alkahf-41600/locations/europe-west1/operations/operation-1784954189882-65768086da448-ea87fa7b-28e02aea {"name":"projects/alkahf-41600/locations/europe-west1/operations/operation-1784954189882-65768086da448-ea87fa7b-28e02aea","metadata":{"@type":"type.googleapis.com/google.cloud.functions.v2.OperationMetadata","createTime":"2026-07-25T04:36:30.832655390Z","target":"projects/alkahf-41600/locations/europe-west1/functions/finalizeOrderAfterPayment","verb":"update","cancelRequested":false,"apiVersion":"v2","requestResource":{"@type":"type.googleapis.com/google.cloud.functions.v2.Function","name":"projects/alkahf-41600/locations/europe-west1/functions/finalizeOrderAfterPayment","buildConfig":{"runtime":"nodejs24","entryPoint":"finalizeOrderAfterPayment","source":{"storageSource":{"bucket":"gcf-v2-sources-826972253416-europe-west1","object":"finalizeOrderAfterPayment/function-source.zip","generation":"1784954190783763"}},"environmentVariables":{"GOOGLE_NODE_RUN_SCRIPTS":""},"dockerRepository":"projects/alkahf-41600/locations/europe-west1/repositories/gcf-artifacts","sourceProvenance":{"resolvedStorageSource":{"bucket":"gcf-v2-sources-826972253416-europe-west1","object":"finalizeOrderAfterPayment/function-source.zip","generation":"1784953862997174"}},"dockerRegistry":"ARTIFACT_REGISTRY","serviceAccount":"projects/alkahf-41600/serviceAccounts/826972253416-compute@developer.gserviceaccount.com","automaticUpdatePolicy":{}},"serviceConfig":{"service":"projects/alkahf-41600/locations/europe-west1/services/finalizeorderafterpayment","timeoutSeconds":120,"environmentVariables":{"FIREBASE_CONFIG":"{\"projectId\":\"alkahf-41600\",\"storageBucket\":\"alkahf-41600.firebasestorage.app\"}","GCLOUD_PROJECT":"alkahf-41600","EVENTARC_CLOUD_EVENT_SOURCE":"projects/alkahf-41600/locations/europe-west1/services/finalizeOrderAfterPayment","FUNCTION_TARGET":"finalizeOrderAfterPayment","LOG_EXECUTION_ID":"true"},"ingressSettings":"ALLOW_ALL","uri":"https://finalizeorderafterpayment-v7ywmuwhiq-ew.a.run.app","serviceAccountEmail":"826972253416-compute@developer.gserviceaccount.com","availableMemory":"1024Mi","allTrafficOnLatestRevision":true,"secretEnvironmentVariables":[{"key":"STRIPE_SECRET","projectId":"alkahf-41600","secret":"STRIPE_SECRET","version":"16"},{"key":"RESEND_API_KEY","projectId":"alkahf-41600","secret":"RESEND_API_KEY","version":"1"},{"key":"RESEND_FROM","projectId":"alkahf-41600","secret":"RESEND_FROM","version":"3"},{"key":"SMTP_URL","projectId":"alkahf-41600","secret":"SMTP_URL","version":"2"},{"key":"SMTP_FROM","projectId":"alkahf-41600","secret":"SMTP_FROM","version":"1"}],"revision":"finalizeorderafterpayment-00025-fur","maxInstanceRequestConcurrency":80,"availableCpu":"1"},"state":"ACTIVE","labels":{"deployment-tool":"cli-firebase","deployment-callable":"true","firebase-functions-codebase":"functions","firebase-functions-hash":"3a6c1ab52755d7104bd93cc943a62907bb6d319a"},"environment":"GEN_2","url":"https://europe-west1-alkahf-41600.cloudfunctions.net/finalizeOrderAfterPayment","satisfiesPzi":true},"stages":[{"name":"BUILD","message":"Build in progress","state":"IN_PROGRESS","resource":"projects/826972253416/locations/europe-west1/builds/7c612046-1aaf-4149-a87b-34550043a844","resourceUri":"https://console.cloud.google.com/cloud-build/builds;region=europe-west1/7c612046-1aaf-4149-a87b-34550043a844?project=826972253416"},{"name":"SERVICE","state":"NOT_STARTED"}],"operationType":"UPDATE_FUNCTION","buildName":"projects/826972253416/locations/europe-west1/builds/7c612046-1aaf-4149-a87b-34550043a844"},"done":false}
[debug] [2026-07-25T04:37:10.267Z] [update-functions-europe-west1-finalizeOrderAfterPayment] Retrying task index 0
[debug] [2026-07-25T04:37:10.268Z] Checked if tokens are valid: true, expires at: 1784957429103
[debug] [2026-07-25T04:37:10.269Z] Checked if tokens are valid: true, expires at: 1784957429103
[debug] [2026-07-25T04:37:10.269Z] >>> [apiv2][query] GET https://cloudfunctions.googleapis.com/v2/projects/alkahf-41600/locations/europe-west1/operations/operation-1784954189882-65768086da448-ea87fa7b-28e02aea [none]
[debug] [2026-07-25T04:37:10.925Z] <<< [apiv2][status] GET https://cloudfunctions.googleapis.com/v2/projects/alkahf-41600/locations/europe-west1/operations/operation-1784954189882-65768086da448-ea87fa7b-28e02aea 200
[debug] [2026-07-25T04:37:10.925Z] <<< [apiv2][body] GET https://cloudfunctions.googleapis.com/v2/projects/alkahf-41600/locations/europe-west1/operations/operation-1784954189882-65768086da448-ea87fa7b-28e02aea {"name":"projects/alkahf-41600/locations/europe-west1/operations/operation-1784954189882-65768086da448-ea87fa7b-28e02aea","metadata":{"@type":"type.googleapis.com/google.cloud.functions.v2.OperationMetadata","createTime":"2026-07-25T04:36:30.832655390Z","target":"projects/alkahf-41600/locations/europe-west1/functions/finalizeOrderAfterPayment","verb":"update","cancelRequested":false,"apiVersion":"v2","requestResource":{"@type":"type.googleapis.com/google.cloud.functions.v2.Function","name":"projects/alkahf-41600/locations/europe-west1/functions/finalizeOrderAfterPayment","buildConfig":{"runtime":"nodejs24","entryPoint":"finalizeOrderAfterPayment","source":{"storageSource":{"bucket":"gcf-v2-sources-826972253416-europe-west1","object":"finalizeOrderAfterPayment/function-source.zip","generation":"1784954190783763"}},"environmentVariables":{"GOOGLE_NODE_RUN_SCRIPTS":""},"dockerRepository":"projects/alkahf-41600/locations/europe-west1/repositories/gcf-artifacts","sourceProvenance":{"resolvedStorageSource":{"bucket":"gcf-v2-sources-826972253416-europe-west1","object":"finalizeOrderAfterPayment/function-source.zip","generation":"1784953862997174"}},"dockerRegistry":"ARTIFACT_REGISTRY","serviceAccount":"projects/alkahf-41600/serviceAccounts/826972253416-compute@developer.gserviceaccount.com","automaticUpdatePolicy":{}},"serviceConfig":{"service":"projects/alkahf-41600/locations/europe-west1/services/finalizeorderafterpayment","timeoutSeconds":120,"environmentVariables":{"FIREBASE_CONFIG":"{\"projectId\":\"alkahf-41600\",\"storageBucket\":\"alkahf-41600.firebasestorage.app\"}","GCLOUD_PROJECT":"alkahf-41600","EVENTARC_CLOUD_EVENT_SOURCE":"projects/alkahf-41600/locations/europe-west1/services/finalizeOrderAfterPayment","FUNCTION_TARGET":"finalizeOrderAfterPayment","LOG_EXECUTION_ID":"true"},"ingressSettings":"ALLOW_ALL","uri":"https://finalizeorderafterpayment-v7ywmuwhiq-ew.a.run.app","serviceAccountEmail":"826972253416-compute@developer.gserviceaccount.com","availableMemory":"1024Mi","allTrafficOnLatestRevision":true,"secretEnvironmentVariables":[{"key":"STRIPE_SECRET","projectId":"alkahf-41600","secret":"STRIPE_SECRET","version":"16"},{"key":"RESEND_API_KEY","projectId":"alkahf-41600","secret":"RESEND_API_KEY","version":"1"},{"key":"RESEND_FROM","projectId":"alkahf-41600","secret":"RESEND_FROM","version":"3"},{"key":"SMTP_URL","projectId":"alkahf-41600","secret":"SMTP_URL","version":"2"},{"key":"SMTP_FROM","projectId":"alkahf-41600","secret":"SMTP_FROM","version":"1"}],"revision":"finalizeorderafterpayment-00025-fur","maxInstanceRequestConcurrency":80,"availableCpu":"1"},"state":"ACTIVE","labels":{"deployment-tool":"cli-firebase","deployment-callable":"true","firebase-functions-codebase":"functions","firebase-functions-hash":"3a6c1ab52755d7104bd93cc943a62907bb6d319a"},"environment":"GEN_2","url":"https://europe-west1-alkahf-41600.cloudfunctions.net/finalizeOrderAfterPayment","satisfiesPzi":true},"stages":[{"name":"BUILD","message":"Build in progress","state":"IN_PROGRESS","resource":"projects/826972253416/locations/europe-west1/builds/7c612046-1aaf-4149-a87b-34550043a844","resourceUri":"https://console.cloud.google.com/cloud-build/builds;region=europe-west1/7c612046-1aaf-4149-a87b-34550043a844?project=826972253416"},{"name":"SERVICE","state":"NOT_STARTED"}],"operationType":"UPDATE_FUNCTION","buildName":"projects/826972253416/locations/europe-west1/builds/7c612046-1aaf-4149-a87b-34550043a844"},"done":false}
[debug] [2026-07-25T04:37:20.940Z] [update-functions-europe-west1-finalizeOrderAfterPayment] Retrying task index 0
[debug] [2026-07-25T04:37:20.941Z] Checked if tokens are valid: true, expires at: 1784957429103
[debug] [2026-07-25T04:37:20.943Z] Checked if tokens are valid: true, expires at: 1784957429103
[debug] [2026-07-25T04:37:20.944Z] >>> [apiv2][query] GET https://cloudfunctions.googleapis.com/v2/projects/alkahf-41600/locations/europe-west1/operations/operation-1784954189882-65768086da448-ea87fa7b-28e02aea [none]
[debug] [2026-07-25T04:37:21.553Z] <<< [apiv2][status] GET https://cloudfunctions.googleapis.com/v2/projects/alkahf-41600/locations/europe-west1/operations/operation-1784954189882-65768086da448-ea87fa7b-28e02aea 200
[debug] [2026-07-25T04:37:21.553Z] <<< [apiv2][body] GET https://cloudfunctions.googleapis.com/v2/projects/alkahf-41600/locations/europe-west1/operations/operation-1784954189882-65768086da448-ea87fa7b-28e02aea {"name":"projects/alkahf-41600/locations/europe-west1/operations/operation-1784954189882-65768086da448-ea87fa7b-28e02aea","metadata":{"@type":"type.googleapis.com/google.cloud.functions.v2.OperationMetadata","createTime":"2026-07-25T04:36:30.832655390Z","target":"projects/alkahf-41600/locations/europe-west1/functions/finalizeOrderAfterPayment","verb":"update","cancelRequested":false,"apiVersion":"v2","requestResource":{"@type":"type.googleapis.com/google.cloud.functions.v2.Function","name":"projects/alkahf-41600/locations/europe-west1/functions/finalizeOrderAfterPayment","buildConfig":{"runtime":"nodejs24","entryPoint":"finalizeOrderAfterPayment","source":{"storageSource":{"bucket":"gcf-v2-sources-826972253416-europe-west1","object":"finalizeOrderAfterPayment/function-source.zip","generation":"1784954190783763"}},"environmentVariables":{"GOOGLE_NODE_RUN_SCRIPTS":""},"dockerRepository":"projects/alkahf-41600/locations/europe-west1/repositories/gcf-artifacts","sourceProvenance":{"resolvedStorageSource":{"bucket":"gcf-v2-sources-826972253416-europe-west1","object":"finalizeOrderAfterPayment/function-source.zip","generation":"1784953862997174"}},"dockerRegistry":"ARTIFACT_REGISTRY","serviceAccount":"projects/alkahf-41600/serviceAccounts/826972253416-compute@developer.gserviceaccount.com","automaticUpdatePolicy":{}},"serviceConfig":{"service":"projects/alkahf-41600/locations/europe-west1/services/finalizeorderafterpayment","timeoutSeconds":120,"environmentVariables":{"FIREBASE_CONFIG":"{\"projectId\":\"alkahf-41600\",\"storageBucket\":\"alkahf-41600.firebasestorage.app\"}","GCLOUD_PROJECT":"alkahf-41600","EVENTARC_CLOUD_EVENT_SOURCE":"projects/alkahf-41600/locations/europe-west1/services/finalizeOrderAfterPayment","FUNCTION_TARGET":"finalizeOrderAfterPayment","LOG_EXECUTION_ID":"true"},"ingressSettings":"ALLOW_ALL","uri":"https://finalizeorderafterpayment-v7ywmuwhiq-ew.a.run.app","serviceAccountEmail":"826972253416-compute@developer.gserviceaccount.com","availableMemory":"1024Mi","allTrafficOnLatestRevision":true,"secretEnvironmentVariables":[{"key":"STRIPE_SECRET","projectId":"alkahf-41600","secret":"STRIPE_SECRET","version":"16"},{"key":"RESEND_API_KEY","projectId":"alkahf-41600","secret":"RESEND_API_KEY","version":"1"},{"key":"RESEND_FROM","projectId":"alkahf-41600","secret":"RESEND_FROM","version":"3"},{"key":"SMTP_URL","projectId":"alkahf-41600","secret":"SMTP_URL","version":"2"},{"key":"SMTP_FROM","projectId":"alkahf-41600","secret":"SMTP_FROM","version":"1"}],"revision":"finalizeorderafterpayment-00025-fur","maxInstanceRequestConcurrency":80,"availableCpu":"1"},"state":"ACTIVE","labels":{"deployment-tool":"cli-firebase","deployment-callable":"true","firebase-functions-codebase":"functions","firebase-functions-hash":"3a6c1ab52755d7104bd93cc943a62907bb6d319a"},"environment":"GEN_2","url":"https://europe-west1-alkahf-41600.cloudfunctions.net/finalizeOrderAfterPayment","satisfiesPzi":true},"stages":[{"name":"BUILD","message":"Build finished","state":"COMPLETE","resource":"projects/826972253416/locations/europe-west1/builds/7c612046-1aaf-4149-a87b-34550043a844","resourceUri":"https://console.cloud.google.com/cloud-build/builds;region=europe-west1/7c612046-1aaf-4149-a87b-34550043a844?project=826972253416"},{"name":"SERVICE","message":"Updating Cloud Run service","state":"IN_PROGRESS","resource":"projects/alkahf-41600/locations/europe-west1/services/finalizeorderafterpayment","resourceUri":"https://console.cloud.google.com/run/detail/europe-west1/finalizeorderafterpayment?project=alkahf-41600","stateMessages":[{"severity":"INFO","type":"CloudRunServiceNewRevisionTrafficInfo","message":"A new revision will be deployed serving with 100% traffic."}]}],"sourceToken":"Clhwcm9qZWN0cy84MjY5NzIyNTM0MTYvbG9jYXRpb25zL2V1cm9wZS13ZXN0MS9idWlsZHMvN2M2MTIwNDYtMWFhZi00MTQ5LWE4N2ItMzQ1NTAwNDNhODQ0EntldXJvcGUtd2VzdDEtZG9ja2VyLnBrZy5kZXYvYWxrYWhmLTQxNjAwL2djZi1hcnRpZmFjdHMvYWxrYWhmLS00MTYwMF9fZXVyb3BlLS13ZXN0MV9fZmluYWxpemVfb3JkZXJfYWZ0ZXJfcGF5bWVudDp2ZXJzaW9uXzEY6NmM24gYIlBwcm9qZWN0cy9hbGthaGYtNDE2MDAvbG9jYXRpb25zL2V1cm9wZS13ZXN0MS9mdW5jdGlvbnMvZmluYWxpemVPcmRlckFmdGVyUGF5bWVudCoLCPn6kNMGEKi1+nIyCG5vZGVqczI0OncKI2djci5pby9nYWUtcnVudGltZXMvbm9kZWpzMjQ6c3RhYmxlElBldXJvcGUtd2VzdDEtZG9ja2VyLnBrZy5kZXYvc2VydmVybGVzcy1ydW50aW1lcy9nb29nbGUtMjQtZnVsbC9ydW50aW1lcy9ub2RlanMyNEAB","operationType":"UPDATE_FUNCTION","buildName":"projects/826972253416/locations/europe-west1/builds/7c612046-1aaf-4149-a87b-34550043a844"},"done":false}
[debug] [2026-07-25T04:37:21.554Z] Got source token Clhwcm9qZWN0cy84MjY5NzIyNTM0MTYvbG9jYXRpb25zL2V1cm9wZS13ZXN0MS9idWlsZHMvN2M2MTIwNDYtMWFhZi00MTQ5LWE4N2ItMzQ1NTAwNDNhODQ0EntldXJvcGUtd2VzdDEtZG9ja2VyLnBrZy5kZXYvYWxrYWhmLTQxNjAwL2djZi1hcnRpZmFjdHMvYWxrYWhmLS00MTYwMF9fZXVyb3BlLS13ZXN0MV9fZmluYWxpemVfb3JkZXJfYWZ0ZXJfcGF5bWVudDp2ZXJzaW9uXzEY6NmM24gYIlBwcm9qZWN0cy9hbGthaGYtNDE2MDAvbG9jYXRpb25zL2V1cm9wZS13ZXN0MS9mdW5jdGlvbnMvZmluYWxpemVPcmRlckFmdGVyUGF5bWVudCoLCPn6kNMGEKi1+nIyCG5vZGVqczI0OncKI2djci5pby9nYWUtcnVudGltZXMvbm9kZWpzMjQ6c3RhYmxlElBldXJvcGUtd2VzdDEtZG9ja2VyLnBrZy5kZXYvc2VydmVybGVzcy1ydW50aW1lcy9nb29nbGUtMjQtZnVsbC9ydW50aW1lcy9ub2RlanMyNEAB for region europe-west1
[debug] [2026-07-25T04:37:21.555Z] Checked if tokens are valid: true, expires at: 1784957429103
[debug] [2026-07-25T04:37:21.556Z] Checked if tokens are valid: true, expires at: 1784957429103
[debug] [2026-07-25T04:37:21.556Z] Checked if tokens are valid: true, expires at: 1784957429103
[debug] [2026-07-25T04:37:21.556Z] Checked if tokens are valid: true, expires at: 1784957429103
[debug] [2026-07-25T04:37:21.557Z] >>> [apiv2][query] PATCH https://cloudfunctions.googleapis.com/v2/projects/alkahf-41600/locations/europe-west1/functions/resendInvoiceEmail updateMask=name%2CbuildConfig.runtime%2CbuildConfig.entryPoint%2CbuildConfig.source.storageSource.bucket%2CbuildConfig.source.storageSource.object%2CbuildConfig.environmentVariables%2CbuildConfig.sourceToken%2CserviceConfig.environmentVariables%2CserviceConfig.secretEnvironmentVariables%2CserviceConfig.ingressSettings%2CserviceConfig.timeoutSeconds%2CserviceConfig.serviceAccountEmail%2CserviceConfig.availableMemory%2CserviceConfig.minInstanceCount%2CserviceConfig.maxInstanceCount%2CserviceConfig.maxInstanceRequestConcurrency%2CserviceConfig.availableCpu%2CserviceConfig.vpcConnector%2CserviceConfig.vpcConnectorEgressSettings%2Clabels
[debug] [2026-07-25T04:37:21.557Z] >>> [apiv2][body] PATCH https://cloudfunctions.googleapis.com/v2/projects/alkahf-41600/locations/europe-west1/functions/resendInvoiceEmail {"name":"projects/alkahf-41600/locations/europe-west1/functions/resendInvoiceEmail","buildConfig":{"runtime":"nodejs24","entryPoint":"resendInvoiceEmail","source":{"storageSource":{"bucket":"gcf-v2-uploads-826972253416.europe-west1.cloudfunctions.appspot.com","object":"025aedd4-8df6-4cae-80f7-9da6ee4f1c59.zip"}},"environmentVariables":{"GOOGLE_NODE_RUN_SCRIPTS":""},"sourceToken":"Clhwcm9qZWN0cy84MjY5NzIyNTM0MTYvbG9jYXRpb25zL2V1cm9wZS13ZXN0MS9idWlsZHMvN2M2MTIwNDYtMWFhZi00MTQ5LWE4N2ItMzQ1NTAwNDNhODQ0EntldXJvcGUtd2VzdDEtZG9ja2VyLnBrZy5kZXYvYWxrYWhmLTQxNjAwL2djZi1hcnRpZmFjdHMvYWxrYWhmLS00MTYwMF9fZXVyb3BlLS13ZXN0MV9fZmluYWxpemVfb3JkZXJfYWZ0ZXJfcGF5bWVudDp2ZXJzaW9uXzEY6NmM24gYIlBwcm9qZWN0cy9hbGthaGYtNDE2MDAvbG9jYXRpb25zL2V1cm9wZS13ZXN0MS9mdW5jdGlvbnMvZmluYWxpemVPcmRlckFmdGVyUGF5bWVudCoLCPn6kNMGEKi1+nIyCG5vZGVqczI0OncKI2djci5pby9nYWUtcnVudGltZXMvbm9kZWpzMjQ6c3RhYmxlElBldXJvcGUtd2VzdDEtZG9ja2VyLnBrZy5kZXYvc2VydmVybGVzcy1ydW50aW1lcy9nb29nbGUtMjQtZnVsbC9ydW50aW1lcy9ub2RlanMyNEAB"},"serviceConfig":{"environmentVariables":{"FIREBASE_CONFIG":"{\"projectId\":\"alkahf-41600\",\"storageBucket\":\"alkahf-41600.firebasestorage.app\"}","GCLOUD_PROJECT":"alkahf-41600","EVENTARC_CLOUD_EVENT_SOURCE":"projects/alkahf-41600/locations/europe-west1/services/resendInvoiceEmail","FUNCTION_TARGET":"resendInvoiceEmail","LOG_EXECUTION_ID":"true","FUNCTION_SIGNATURE_TYPE":"http"},"secretEnvironmentVariables":[{"key":"RESEND_API_KEY","secret":"RESEND_API_KEY","projectId":"alkahf-41600","version":"1"},{"key":"RESEND_FROM","secret":"RESEND_FROM","projectId":"alkahf-41600","version":"3"},{"key":"SMTP_URL","secret":"SMTP_URL","projectId":"alkahf-41600","version":"2"},{"key":"SMTP_FROM","secret":"SMTP_FROM","projectId":"alkahf-41600","version":"1"},{"key":"ADMIN_EMAILS","secret":"ADMIN_EMAILS","projectId":"alkahf-41600","version":"2"}],"ingressSettings":null,"timeoutSeconds":120,"serviceAccountEmail":null,"availableMemory":"1024Mi","minInstanceCount":null,"maxInstanceCount":null,"maxInstanceRequestConcurrency":80,"availableCpu":"1","vpcConnector":null,"vpcConnectorEgressSettings":null},"labels":{"deployment-tool":"cli-firebase","deployment-callable":"true","firebase-functions-codebase":"functions","firebase-functions-hash":"840abedf434f44d3e317cfd2065585f2b6ec4d1a"}}
[debug] [2026-07-25T04:37:21.558Z] >>> [apiv2][query] PATCH https://cloudfunctions.googleapis.com/v2/projects/alkahf-41600/locations/europe-west1/functions/stripeWebhook updateMask=name%2CbuildConfig.runtime%2CbuildConfig.entryPoint%2CbuildConfig.source.storageSource.bucket%2CbuildConfig.source.storageSource.object%2CbuildConfig.environmentVariables%2CbuildConfig.sourceToken%2CserviceConfig.environmentVariables%2CserviceConfig.secretEnvironmentVariables%2CserviceConfig.ingressSettings%2CserviceConfig.timeoutSeconds%2CserviceConfig.serviceAccountEmail%2CserviceConfig.availableMemory%2CserviceConfig.minInstanceCount%2CserviceConfig.maxInstanceCount%2CserviceConfig.maxInstanceRequestConcurrency%2CserviceConfig.availableCpu%2CserviceConfig.vpcConnector%2CserviceConfig.vpcConnectorEgressSettings%2Clabels
[debug] [2026-07-25T04:37:21.559Z] >>> [apiv2][body] PATCH https://cloudfunctions.googleapis.com/v2/projects/alkahf-41600/locations/europe-west1/functions/stripeWebhook {"name":"projects/alkahf-41600/locations/europe-west1/functions/stripeWebhook","buildConfig":{"runtime":"nodejs24","entryPoint":"stripeWebhook","source":{"storageSource":{"bucket":"gcf-v2-uploads-826972253416.europe-west1.cloudfunctions.appspot.com","object":"025aedd4-8df6-4cae-80f7-9da6ee4f1c59.zip"}},"environmentVariables":{"GOOGLE_NODE_RUN_SCRIPTS":""},"sourceToken":"Clhwcm9qZWN0cy84MjY5NzIyNTM0MTYvbG9jYXRpb25zL2V1cm9wZS13ZXN0MS9idWlsZHMvN2M2MTIwNDYtMWFhZi00MTQ5LWE4N2ItMzQ1NTAwNDNhODQ0EntldXJvcGUtd2VzdDEtZG9ja2VyLnBrZy5kZXYvYWxrYWhmLTQxNjAwL2djZi1hcnRpZmFjdHMvYWxrYWhmLS00MTYwMF9fZXVyb3BlLS13ZXN0MV9fZmluYWxpemVfb3JkZXJfYWZ0ZXJfcGF5bWVudDp2ZXJzaW9uXzEY6NmM24gYIlBwcm9qZWN0cy9hbGthaGYtNDE2MDAvbG9jYXRpb25zL2V1cm9wZS13ZXN0MS9mdW5jdGlvbnMvZmluYWxpemVPcmRlckFmdGVyUGF5bWVudCoLCPn6kNMGEKi1+nIyCG5vZGVqczI0OncKI2djci5pby9nYWUtcnVudGltZXMvbm9kZWpzMjQ6c3RhYmxlElBldXJvcGUtd2VzdDEtZG9ja2VyLnBrZy5kZXYvc2VydmVybGVzcy1ydW50aW1lcy9nb29nbGUtMjQtZnVsbC9ydW50aW1lcy9ub2RlanMyNEAB"},"serviceConfig":{"environmentVariables":{"FIREBASE_CONFIG":"{\"projectId\":\"alkahf-41600\",\"storageBucket\":\"alkahf-41600.firebasestorage.app\"}","GCLOUD_PROJECT":"alkahf-41600","EVENTARC_CLOUD_EVENT_SOURCE":"projects/alkahf-41600/locations/europe-west1/services/stripeWebhook","FUNCTION_TARGET":"stripeWebhook","LOG_EXECUTION_ID":"true","FUNCTION_SIGNATURE_TYPE":"http"},"secretEnvironmentVariables":[{"key":"STRIPE_SECRET","secret":"STRIPE_SECRET","projectId":"alkahf-41600","version":"16"},{"key":"STRIPE_WEBHOOK_SECRET","secret":"STRIPE_WEBHOOK_SECRET","projectId":"alkahf-41600","version":"5"},{"key":"RESEND_API_KEY","secret":"RESEND_API_KEY","projectId":"alkahf-41600","version":"1"},{"key":"RESEND_FROM","secret":"RESEND_FROM","projectId":"alkahf-41600","version":"3"},{"key":"SMTP_URL","secret":"SMTP_URL","projectId":"alkahf-41600","version":"2"},{"key":"SMTP_FROM","secret":"SMTP_FROM","projectId":"alkahf-41600","version":"1"}],"ingressSettings":null,"timeoutSeconds":120,"serviceAccountEmail":null,"availableMemory":"1024Mi","minInstanceCount":null,"maxInstanceCount":null,"maxInstanceRequestConcurrency":80,"availableCpu":"1","vpcConnector":null,"vpcConnectorEgressSettings":null},"labels":{"deployment-tool":"cli-firebase","firebase-functions-codebase":"functions","firebase-functions-hash":"eb6232ea2cd6682958f0dea864afe7f0ebd70be0"}}
[debug] [2026-07-25T04:37:22.678Z] <<< [apiv2][status] PATCH https://cloudfunctions.googleapis.com/v2/projects/alkahf-41600/locations/europe-west1/functions/resendInvoiceEmail 200
[debug] [2026-07-25T04:37:22.679Z] <<< [apiv2][body] PATCH https://cloudfunctions.googleapis.com/v2/projects/alkahf-41600/locations/europe-west1/functions/resendInvoiceEmail {"name":"projects/alkahf-41600/locations/europe-west1/operations/operation-1784954240179-657680b6d1e12-aefa8632-d9722248","metadata":{"@type":"type.googleapis.com/google.cloud.functions.v2.OperationMetadata","createTime":"2026-07-25T04:37:21.114495488Z","target":"projects/alkahf-41600/locations/europe-west1/functions/resendInvoiceEmail","verb":"update","cancelRequested":false,"apiVersion":"v2"},"done":false}
[debug] [2026-07-25T04:37:22.679Z] Checked if tokens are valid: true, expires at: 1784957429103
[debug] [2026-07-25T04:37:22.680Z] Checked if tokens are valid: true, expires at: 1784957429103
[debug] [2026-07-25T04:37:22.680Z] >>> [apiv2][query] GET https://cloudfunctions.googleapis.com/v2/projects/alkahf-41600/locations/europe-west1/operations/operation-1784954240179-657680b6d1e12-aefa8632-d9722248 [none]
[debug] [2026-07-25T04:37:22.857Z] <<< [apiv2][status] GET https://cloudfunctions.googleapis.com/v2/projects/alkahf-41600/locations/europe-west1/operations/operation-1784954240179-657680b6d1e12-aefa8632-d9722248 200
[debug] [2026-07-25T04:37:22.857Z] <<< [apiv2][body] GET https://cloudfunctions.googleapis.com/v2/projects/alkahf-41600/locations/europe-west1/operations/operation-1784954240179-657680b6d1e12-aefa8632-d9722248 {"name":"projects/alkahf-41600/locations/europe-west1/operations/operation-1784954240179-657680b6d1e12-aefa8632-d9722248","metadata":{"@type":"type.googleapis.com/google.cloud.functions.v2.OperationMetadata","createTime":"2026-07-25T04:37:21.114495488Z","target":"projects/alkahf-41600/locations/europe-west1/functions/resendInvoiceEmail","verb":"update","cancelRequested":false,"apiVersion":"v2","requestResource":{"@type":"type.googleapis.com/google.cloud.functions.v2.Function","name":"projects/alkahf-41600/locations/europe-west1/functions/resendInvoiceEmail","buildConfig":{"runtime":"nodejs24","entryPoint":"resendInvoiceEmail","source":{"storageSource":{"bucket":"gcf-v2-sources-826972253416-europe-west1","object":"resendInvoiceEmail/function-source.zip","generation":"1784954241069453"}},"environmentVariables":{"GOOGLE_NODE_RUN_SCRIPTS":""},"dockerRepository":"projects/alkahf-41600/locations/europe-west1/repositories/gcf-artifacts","sourceProvenance":{"resolvedStorageSource":{"bucket":"gcf-v2-sources-826972253416-europe-west1","object":"resendInvoiceEmail/function-source.zip","generation":"1784953863003324"}},"dockerRegistry":"ARTIFACT_REGISTRY","sourceToken":"Clhwcm9qZWN0cy84MjY5NzIyNTM0MTYvbG9jYXRpb25zL2V1cm9wZS13ZXN0MS9idWlsZHMvN2M2MTIwNDYtMWFhZi00MTQ5LWE4N2ItMzQ1NTAwNDNhODQ0EntldXJvcGUtd2VzdDEtZG9ja2VyLnBrZy5kZXYvYWxrYWhmLTQxNjAwL2djZi1hcnRpZmFjdHMvYWxrYWhmLS00MTYwMF9fZXVyb3BlLS13ZXN0MV9fZmluYWxpemVfb3JkZXJfYWZ0ZXJfcGF5bWVudDp2ZXJzaW9uXzEY6NmM24gYIlBwcm9qZWN0cy9hbGthaGYtNDE2MDAvbG9jYXRpb25zL2V1cm9wZS13ZXN0MS9mdW5jdGlvbnMvZmluYWxpemVPcmRlckFmdGVyUGF5bWVudCoLCPn6kNMGEKi1+nIyCG5vZGVqczI0OncKI2djci5pby9nYWUtcnVudGltZXMvbm9kZWpzMjQ6c3RhYmxlElBldXJvcGUtd2VzdDEtZG9ja2VyLnBrZy5kZXYvc2VydmVybGVzcy1ydW50aW1lcy9nb29nbGUtMjQtZnVsbC9ydW50aW1lcy9ub2RlanMyNEAB","serviceAccount":"projects/alkahf-41600/serviceAccounts/826972253416-compute@developer.gserviceaccount.com","automaticUpdatePolicy":{}},"serviceConfig":{"service":"projects/alkahf-41600/locations/europe-west1/services/resendinvoiceemail","timeoutSeconds":120,"environmentVariables":{"FIREBASE_CONFIG":"{\"projectId\":\"alkahf-41600\",\"storageBucket\":\"alkahf-41600.firebasestorage.app\"}","GCLOUD_PROJECT":"alkahf-41600","EVENTARC_CLOUD_EVENT_SOURCE":"projects/alkahf-41600/locations/europe-west1/services/resendInvoiceEmail","FUNCTION_TARGET":"resendInvoiceEmail","LOG_EXECUTION_ID":"true","FUNCTION_SIGNATURE_TYPE":"http"},"ingressSettings":"ALLOW_ALL","uri":"https://resendinvoiceemail-v7ywmuwhiq-ew.a.run.app","serviceAccountEmail":"826972253416-compute@developer.gserviceaccount.com","availableMemory":"1024Mi","allTrafficOnLatestRevision":true,"secretEnvironmentVariables":[{"key":"RESEND_API_KEY","projectId":"alkahf-41600","secret":"RESEND_API_KEY","version":"1"},{"key":"RESEND_FROM","projectId":"alkahf-41600","secret":"RESEND_FROM","version":"3"},{"key":"SMTP_URL","projectId":"alkahf-41600","secret":"SMTP_URL","version":"2"},{"key":"SMTP_FROM","projectId":"alkahf-41600","secret":"SMTP_FROM","version":"1"},{"key":"ADMIN_EMAILS","projectId":"alkahf-41600","secret":"ADMIN_EMAILS","version":"2"}],"revision":"resendinvoiceemail-00025-zaj","maxInstanceRequestConcurrency":80,"availableCpu":"1"},"state":"ACTIVE","labels":{"deployment-tool":"cli-firebase","deployment-callable":"true","firebase-functions-codebase":"functions","firebase-functions-hash":"840abedf434f44d3e317cfd2065585f2b6ec4d1a"},"environment":"GEN_2","url":"https://europe-west1-alkahf-41600.cloudfunctions.net/resendInvoiceEmail","satisfiesPzi":true},"stages":[{"name":"BUILD","state":"NOT_STARTED"},{"name":"SERVICE","state":"NOT_STARTED"}],"sourceToken":"Clhwcm9qZWN0cy84MjY5NzIyNTM0MTYvbG9jYXRpb25zL2V1cm9wZS13ZXN0MS9idWlsZHMvN2M2MTIwNDYtMWFhZi00MTQ5LWE4N2ItMzQ1NTAwNDNhODQ0EntldXJvcGUtd2VzdDEtZG9ja2VyLnBrZy5kZXYvYWxrYWhmLTQxNjAwL2djZi1hcnRpZmFjdHMvYWxrYWhmLS00MTYwMF9fZXVyb3BlLS13ZXN0MV9fZmluYWxpemVfb3JkZXJfYWZ0ZXJfcGF5bWVudDp2ZXJzaW9uXzEY6NmM24gYIlBwcm9qZWN0cy9hbGthaGYtNDE2MDAvbG9jYXRpb25zL2V1cm9wZS13ZXN0MS9mdW5jdGlvbnMvZmluYWxpemVPcmRlckFmdGVyUGF5bWVudCoLCPn6kNMGEKi1+nIyCG5vZGVqczI0OncKI2djci5pby9nYWUtcnVudGltZXMvbm9kZWpzMjQ6c3RhYmxlElBldXJvcGUtd2VzdDEtZG9ja2VyLnBrZy5kZXYvc2VydmVybGVzcy1ydW50aW1lcy9nb29nbGUtMjQtZnVsbC9ydW50aW1lcy9ub2RlanMyNEAB","operationType":"UPDATE_FUNCTION"},"done":false}
[debug] [2026-07-25T04:37:22.858Z] Got source token Clhwcm9qZWN0cy84MjY5NzIyNTM0MTYvbG9jYXRpb25zL2V1cm9wZS13ZXN0MS9idWlsZHMvN2M2MTIwNDYtMWFhZi00MTQ5LWE4N2ItMzQ1NTAwNDNhODQ0EntldXJvcGUtd2VzdDEtZG9ja2VyLnBrZy5kZXYvYWxrYWhmLTQxNjAwL2djZi1hcnRpZmFjdHMvYWxrYWhmLS00MTYwMF9fZXVyb3BlLS13ZXN0MV9fZmluYWxpemVfb3JkZXJfYWZ0ZXJfcGF5bWVudDp2ZXJzaW9uXzEY6NmM24gYIlBwcm9qZWN0cy9hbGthaGYtNDE2MDAvbG9jYXRpb25zL2V1cm9wZS13ZXN0MS9mdW5jdGlvbnMvZmluYWxpemVPcmRlckFmdGVyUGF5bWVudCoLCPn6kNMGEKi1+nIyCG5vZGVqczI0OncKI2djci5pby9nYWUtcnVudGltZXMvbm9kZWpzMjQ6c3RhYmxlElBldXJvcGUtd2VzdDEtZG9ja2VyLnBrZy5kZXYvc2VydmVybGVzcy1ydW50aW1lcy9nb29nbGUtMjQtZnVsbC9ydW50aW1lcy9ub2RlanMyNEAB for region europe-west1
[debug] [2026-07-25T04:37:23.177Z] <<< [apiv2][status] PATCH https://cloudfunctions.googleapis.com/v2/projects/alkahf-41600/locations/europe-west1/functions/stripeWebhook 200
[debug] [2026-07-25T04:37:23.178Z] <<< [apiv2][body] PATCH https://cloudfunctions.googleapis.com/v2/projects/alkahf-41600/locations/europe-west1/functions/stripeWebhook {"name":"projects/alkahf-41600/locations/europe-west1/operations/operation-1784954240538-657680b72985f-656e8232-dee81755","metadata":{"@type":"type.googleapis.com/google.cloud.functions.v2.OperationMetadata","createTime":"2026-07-25T04:37:21.532201371Z","target":"projects/alkahf-41600/locations/europe-west1/functions/stripeWebhook","verb":"update","cancelRequested":false,"apiVersion":"v2"},"done":false}
[debug] [2026-07-25T04:37:23.179Z] Checked if tokens are valid: true, expires at: 1784957429103
[debug] [2026-07-25T04:37:23.180Z] Checked if tokens are valid: true, expires at: 1784957429103
[debug] [2026-07-25T04:37:23.182Z] >>> [apiv2][query] GET https://cloudfunctions.googleapis.com/v2/projects/alkahf-41600/locations/europe-west1/operations/operation-1784954240538-657680b72985f-656e8232-dee81755 [none]
[debug] [2026-07-25T04:37:23.372Z] [update-functions-europe-west1-resendInvoiceEmail] Retrying task index 0
[debug] [2026-07-25T04:37:23.373Z] Checked if tokens are valid: true, expires at: 1784957429103
[debug] [2026-07-25T04:37:23.373Z] Checked if tokens are valid: true, expires at: 1784957429103
[debug] [2026-07-25T04:37:23.373Z] >>> [apiv2][query] GET https://cloudfunctions.googleapis.com/v2/projects/alkahf-41600/locations/europe-west1/operations/operation-1784954240179-657680b6d1e12-aefa8632-d9722248 [none]
[debug] [2026-07-25T04:37:23.378Z] <<< [apiv2][status] GET https://cloudfunctions.googleapis.com/v2/projects/alkahf-41600/locations/europe-west1/operations/operation-1784954240538-657680b72985f-656e8232-dee81755 200
[debug] [2026-07-25T04:37:23.378Z] <<< [apiv2][body] GET https://cloudfunctions.googleapis.com/v2/projects/alkahf-41600/locations/europe-west1/operations/operation-1784954240538-657680b72985f-656e8232-dee81755 {"name":"projects/alkahf-41600/locations/europe-west1/operations/operation-1784954240538-657680b72985f-656e8232-dee81755","metadata":{"@type":"type.googleapis.com/google.cloud.functions.v2.OperationMetadata","createTime":"2026-07-25T04:37:21.532201371Z","target":"projects/alkahf-41600/locations/europe-west1/functions/stripeWebhook","verb":"update","cancelRequested":false,"apiVersion":"v2","requestResource":{"@type":"type.googleapis.com/google.cloud.functions.v2.Function","name":"projects/alkahf-41600/locations/europe-west1/functions/stripeWebhook","buildConfig":{"runtime":"nodejs24","entryPoint":"stripeWebhook","source":{"storageSource":{"bucket":"gcf-v2-sources-826972253416-europe-west1","object":"stripeWebhook/function-source.zip","generation":"1784954241494350"}},"environmentVariables":{"GOOGLE_NODE_RUN_SCRIPTS":""},"dockerRepository":"projects/alkahf-41600/locations/europe-west1/repositories/gcf-artifacts","sourceProvenance":{"resolvedStorageSource":{"bucket":"gcf-v2-sources-826972253416-europe-west1","object":"stripeWebhook/function-source.zip","generation":"1784953863107773"}},"dockerRegistry":"ARTIFACT_REGISTRY","sourceToken":"Clhwcm9qZWN0cy84MjY5NzIyNTM0MTYvbG9jYXRpb25zL2V1cm9wZS13ZXN0MS9idWlsZHMvN2M2MTIwNDYtMWFhZi00MTQ5LWE4N2ItMzQ1NTAwNDNhODQ0EntldXJvcGUtd2VzdDEtZG9ja2VyLnBrZy5kZXYvYWxrYWhmLTQxNjAwL2djZi1hcnRpZmFjdHMvYWxrYWhmLS00MTYwMF9fZXVyb3BlLS13ZXN0MV9fZmluYWxpemVfb3JkZXJfYWZ0ZXJfcGF5bWVudDp2ZXJzaW9uXzEY6NmM24gYIlBwcm9qZWN0cy9hbGthaGYtNDE2MDAvbG9jYXRpb25zL2V1cm9wZS13ZXN0MS9mdW5jdGlvbnMvZmluYWxpemVPcmRlckFmdGVyUGF5bWVudCoLCPn6kNMGEKi1+nIyCG5vZGVqczI0OncKI2djci5pby9nYWUtcnVudGltZXMvbm9kZWpzMjQ6c3RhYmxlElBldXJvcGUtd2VzdDEtZG9ja2VyLnBrZy5kZXYvc2VydmVybGVzcy1ydW50aW1lcy9nb29nbGUtMjQtZnVsbC9ydW50aW1lcy9ub2RlanMyNEAB","serviceAccount":"projects/alkahf-41600/serviceAccounts/826972253416-compute@developer.gserviceaccount.com","automaticUpdatePolicy":{}},"serviceConfig":{"service":"projects/alkahf-41600/locations/europe-west1/services/stripewebhook","timeoutSeconds":120,"environmentVariables":{"FIREBASE_CONFIG":"{\"projectId\":\"alkahf-41600\",\"storageBucket\":\"alkahf-41600.firebasestorage.app\"}","GCLOUD_PROJECT":"alkahf-41600","EVENTARC_CLOUD_EVENT_SOURCE":"projects/alkahf-41600/locations/europe-west1/services/stripeWebhook","FUNCTION_TARGET":"stripeWebhook","LOG_EXECUTION_ID":"true","FUNCTION_SIGNATURE_TYPE":"http"},"ingressSettings":"ALLOW_ALL","uri":"https://stripewebhook-v7ywmuwhiq-ew.a.run.app","serviceAccountEmail":"826972253416-compute@developer.gserviceaccount.com","availableMemory":"1024Mi","allTrafficOnLatestRevision":true,"secretEnvironmentVariables":[{"key":"STRIPE_SECRET","projectId":"alkahf-41600","secret":"STRIPE_SECRET","version":"16"},{"key":"STRIPE_WEBHOOK_SECRET","projectId":"alkahf-41600","secret":"STRIPE_WEBHOOK_SECRET","version":"5"},{"key":"RESEND_API_KEY","projectId":"alkahf-41600","secret":"RESEND_API_KEY","version":"1"},{"key":"RESEND_FROM","projectId":"alkahf-41600","secret":"RESEND_FROM","version":"3"},{"key":"SMTP_URL","projectId":"alkahf-41600","secret":"SMTP_URL","version":"2"},{"key":"SMTP_FROM","projectId":"alkahf-41600","secret":"SMTP_FROM","version":"1"}],"revision":"stripewebhook-00049-muk","maxInstanceRequestConcurrency":80,"availableCpu":"1"},"state":"ACTIVE","labels":{"deployment-tool":"cli-firebase","firebase-functions-codebase":"functions","firebase-functions-hash":"eb6232ea2cd6682958f0dea864afe7f0ebd70be0"},"environment":"GEN_2","url":"https://europe-west1-alkahf-41600.cloudfunctions.net/stripeWebhook","satisfiesPzi":true},"stages":[{"name":"BUILD","message":"Reusing build","state":"COMPLETE","resource":"projects/826972253416/locations/europe-west1/builds/7c612046-1aaf-4149-a87b-34550043a844"},{"name":"SERVICE","state":"NOT_STARTED"}],"sourceToken":"Clhwcm9qZWN0cy84MjY5NzIyNTM0MTYvbG9jYXRpb25zL2V1cm9wZS13ZXN0MS9idWlsZHMvN2M2MTIwNDYtMWFhZi00MTQ5LWE4N2ItMzQ1NTAwNDNhODQ0EntldXJvcGUtd2VzdDEtZG9ja2VyLnBrZy5kZXYvYWxrYWhmLTQxNjAwL2djZi1hcnRpZmFjdHMvYWxrYWhmLS00MTYwMF9fZXVyb3BlLS13ZXN0MV9fZmluYWxpemVfb3JkZXJfYWZ0ZXJfcGF5bWVudDp2ZXJzaW9uXzEY6NmM24gYIlBwcm9qZWN0cy9hbGthaGYtNDE2MDAvbG9jYXRpb25zL2V1cm9wZS13ZXN0MS9mdW5jdGlvbnMvZmluYWxpemVPcmRlckFmdGVyUGF5bWVudCoLCPn6kNMGEKi1+nIyCG5vZGVqczI0OncKI2djci5pby9nYWUtcnVudGltZXMvbm9kZWpzMjQ6c3RhYmxlElBldXJvcGUtd2VzdDEtZG9ja2VyLnBrZy5kZXYvc2VydmVybGVzcy1ydW50aW1lcy9nb29nbGUtMjQtZnVsbC9ydW50aW1lcy9ub2RlanMyNEAB","operationType":"UPDATE_FUNCTION","buildName":"projects/826972253416/locations/europe-west1/builds/7c612046-1aaf-4149-a87b-34550043a844"},"done":false}
[debug] [2026-07-25T04:37:23.378Z] Got source token Clhwcm9qZWN0cy84MjY5NzIyNTM0MTYvbG9jYXRpb25zL2V1cm9wZS13ZXN0MS9idWlsZHMvN2M2MTIwNDYtMWFhZi00MTQ5LWE4N2ItMzQ1NTAwNDNhODQ0EntldXJvcGUtd2VzdDEtZG9ja2VyLnBrZy5kZXYvYWxrYWhmLTQxNjAwL2djZi1hcnRpZmFjdHMvYWxrYWhmLS00MTYwMF9fZXVyb3BlLS13ZXN0MV9fZmluYWxpemVfb3JkZXJfYWZ0ZXJfcGF5bWVudDp2ZXJzaW9uXzEY6NmM24gYIlBwcm9qZWN0cy9hbGthaGYtNDE2MDAvbG9jYXRpb25zL2V1cm9wZS13ZXN0MS9mdW5jdGlvbnMvZmluYWxpemVPcmRlckFmdGVyUGF5bWVudCoLCPn6kNMGEKi1+nIyCG5vZGVqczI0OncKI2djci5pby9nYWUtcnVudGltZXMvbm9kZWpzMjQ6c3RhYmxlElBldXJvcGUtd2VzdDEtZG9ja2VyLnBrZy5kZXYvc2VydmVybGVzcy1ydW50aW1lcy9nb29nbGUtMjQtZnVsbC9ydW50aW1lcy9ub2RlanMyNEAB for region europe-west1
[debug] [2026-07-25T04:37:23.563Z] <<< [apiv2][status] GET https://cloudfunctions.googleapis.com/v2/projects/alkahf-41600/locations/europe-west1/operations/operation-1784954240179-657680b6d1e12-aefa8632-d9722248 200
[debug] [2026-07-25T04:37:23.564Z] <<< [apiv2][body] GET https://cloudfunctions.googleapis.com/v2/projects/alkahf-41600/locations/europe-west1/operations/operation-1784954240179-657680b6d1e12-aefa8632-d9722248 {"name":"projects/alkahf-41600/locations/europe-west1/operations/operation-1784954240179-657680b6d1e12-aefa8632-d9722248","metadata":{"@type":"type.googleapis.com/google.cloud.functions.v2.OperationMetadata","createTime":"2026-07-25T04:37:21.114495488Z","target":"projects/alkahf-41600/locations/europe-west1/functions/resendInvoiceEmail","verb":"update","cancelRequested":false,"apiVersion":"v2","requestResource":{"@type":"type.googleapis.com/google.cloud.functions.v2.Function","name":"projects/alkahf-41600/locations/europe-west1/functions/resendInvoiceEmail","buildConfig":{"runtime":"nodejs24","entryPoint":"resendInvoiceEmail","source":{"storageSource":{"bucket":"gcf-v2-sources-826972253416-europe-west1","object":"resendInvoiceEmail/function-source.zip","generation":"1784954241069453"}},"environmentVariables":{"GOOGLE_NODE_RUN_SCRIPTS":""},"dockerRepository":"projects/alkahf-41600/locations/europe-west1/repositories/gcf-artifacts","sourceProvenance":{"resolvedStorageSource":{"bucket":"gcf-v2-sources-826972253416-europe-west1","object":"resendInvoiceEmail/function-source.zip","generation":"1784953863003324"}},"dockerRegistry":"ARTIFACT_REGISTRY","sourceToken":"Clhwcm9qZWN0cy84MjY5NzIyNTM0MTYvbG9jYXRpb25zL2V1cm9wZS13ZXN0MS9idWlsZHMvN2M2MTIwNDYtMWFhZi00MTQ5LWE4N2ItMzQ1NTAwNDNhODQ0EntldXJvcGUtd2VzdDEtZG9ja2VyLnBrZy5kZXYvYWxrYWhmLTQxNjAwL2djZi1hcnRpZmFjdHMvYWxrYWhmLS00MTYwMF9fZXVyb3BlLS13ZXN0MV9fZmluYWxpemVfb3JkZXJfYWZ0ZXJfcGF5bWVudDp2ZXJzaW9uXzEY6NmM24gYIlBwcm9qZWN0cy9hbGthaGYtNDE2MDAvbG9jYXRpb25zL2V1cm9wZS13ZXN0MS9mdW5jdGlvbnMvZmluYWxpemVPcmRlckFmdGVyUGF5bWVudCoLCPn6kNMGEKi1+nIyCG5vZGVqczI0OncKI2djci5pby9nYWUtcnVudGltZXMvbm9kZWpzMjQ6c3RhYmxlElBldXJvcGUtd2VzdDEtZG9ja2VyLnBrZy5kZXYvc2VydmVybGVzcy1ydW50aW1lcy9nb29nbGUtMjQtZnVsbC9ydW50aW1lcy9ub2RlanMyNEAB","serviceAccount":"projects/alkahf-41600/serviceAccounts/826972253416-compute@developer.gserviceaccount.com","automaticUpdatePolicy":{}},"serviceConfig":{"service":"projects/alkahf-41600/locations/europe-west1/services/resendinvoiceemail","timeoutSeconds":120,"environmentVariables":{"FIREBASE_CONFIG":"{\"projectId\":\"alkahf-41600\",\"storageBucket\":\"alkahf-41600.firebasestorage.app\"}","GCLOUD_PROJECT":"alkahf-41600","EVENTARC_CLOUD_EVENT_SOURCE":"projects/alkahf-41600/locations/europe-west1/services/resendInvoiceEmail","FUNCTION_TARGET":"resendInvoiceEmail","LOG_EXECUTION_ID":"true","FUNCTION_SIGNATURE_TYPE":"http"},"ingressSettings":"ALLOW_ALL","uri":"https://resendinvoiceemail-v7ywmuwhiq-ew.a.run.app","serviceAccountEmail":"826972253416-compute@developer.gserviceaccount.com","availableMemory":"1024Mi","allTrafficOnLatestRevision":true,"secretEnvironmentVariables":[{"key":"RESEND_API_KEY","projectId":"alkahf-41600","secret":"RESEND_API_KEY","version":"1"},{"key":"RESEND_FROM","projectId":"alkahf-41600","secret":"RESEND_FROM","version":"3"},{"key":"SMTP_URL","projectId":"alkahf-41600","secret":"SMTP_URL","version":"2"},{"key":"SMTP_FROM","projectId":"alkahf-41600","secret":"SMTP_FROM","version":"1"},{"key":"ADMIN_EMAILS","projectId":"alkahf-41600","secret":"ADMIN_EMAILS","version":"2"}],"revision":"resendinvoiceemail-00025-zaj","maxInstanceRequestConcurrency":80,"availableCpu":"1"},"state":"ACTIVE","labels":{"deployment-tool":"cli-firebase","deployment-callable":"true","firebase-functions-codebase":"functions","firebase-functions-hash":"840abedf434f44d3e317cfd2065585f2b6ec4d1a"},"environment":"GEN_2","url":"https://europe-west1-alkahf-41600.cloudfunctions.net/resendInvoiceEmail","satisfiesPzi":true},"stages":[{"name":"BUILD","message":"Reusing build","state":"COMPLETE","resource":"projects/826972253416/locations/europe-west1/builds/7c612046-1aaf-4149-a87b-34550043a844"},{"name":"SERVICE","message":"Updating Cloud Run service","state":"IN_PROGRESS","resource":"projects/alkahf-41600/locations/europe-west1/services/resendinvoiceemail","resourceUri":"https://console.cloud.google.com/run/detail/europe-west1/resendinvoiceemail?project=alkahf-41600","stateMessages":[{"severity":"INFO","type":"CloudRunServiceNewRevisionTrafficInfo","message":"A new revision will be deployed serving with 100% traffic."}]}],"sourceToken":"Clhwcm9qZWN0cy84MjY5NzIyNTM0MTYvbG9jYXRpb25zL2V1cm9wZS13ZXN0MS9idWlsZHMvN2M2MTIwNDYtMWFhZi00MTQ5LWE4N2ItMzQ1NTAwNDNhODQ0EntldXJvcGUtd2VzdDEtZG9ja2VyLnBrZy5kZXYvYWxrYWhmLTQxNjAwL2djZi1hcnRpZmFjdHMvYWxrYWhmLS00MTYwMF9fZXVyb3BlLS13ZXN0MV9fZmluYWxpemVfb3JkZXJfYWZ0ZXJfcGF5bWVudDp2ZXJzaW9uXzEY6NmM24gYIlBwcm9qZWN0cy9hbGthaGYtNDE2MDAvbG9jYXRpb25zL2V1cm9wZS13ZXN0MS9mdW5jdGlvbnMvZmluYWxpemVPcmRlckFmdGVyUGF5bWVudCoLCPn6kNMGEKi1+nIyCG5vZGVqczI0OncKI2djci5pby9nYWUtcnVudGltZXMvbm9kZWpzMjQ6c3RhYmxlElBldXJvcGUtd2VzdDEtZG9ja2VyLnBrZy5kZXYvc2VydmVybGVzcy1ydW50aW1lcy9nb29nbGUtMjQtZnVsbC9ydW50aW1lcy9ub2RlanMyNEAB","operationType":"UPDATE_FUNCTION","buildName":"projects/826972253416/locations/europe-west1/builds/7c612046-1aaf-4149-a87b-34550043a844"},"done":false}
[debug] [2026-07-25T04:37:23.565Z] Got source token Clhwcm9qZWN0cy84MjY5NzIyNTM0MTYvbG9jYXRpb25zL2V1cm9wZS13ZXN0MS9idWlsZHMvN2M2MTIwNDYtMWFhZi00MTQ5LWE4N2ItMzQ1NTAwNDNhODQ0EntldXJvcGUtd2VzdDEtZG9ja2VyLnBrZy5kZXYvYWxrYWhmLTQxNjAwL2djZi1hcnRpZmFjdHMvYWxrYWhmLS00MTYwMF9fZXVyb3BlLS13ZXN0MV9fZmluYWxpemVfb3JkZXJfYWZ0ZXJfcGF5bWVudDp2ZXJzaW9uXzEY6NmM24gYIlBwcm9qZWN0cy9hbGthaGYtNDE2MDAvbG9jYXRpb25zL2V1cm9wZS13ZXN0MS9mdW5jdGlvbnMvZmluYWxpemVPcmRlckFmdGVyUGF5bWVudCoLCPn6kNMGEKi1+nIyCG5vZGVqczI0OncKI2djci5pby9nYWUtcnVudGltZXMvbm9kZWpzMjQ6c3RhYmxlElBldXJvcGUtd2VzdDEtZG9ja2VyLnBrZy5kZXYvc2VydmVybGVzcy1ydW50aW1lcy9nb29nbGUtMjQtZnVsbC9ydW50aW1lcy9ub2RlanMyNEAB for region europe-west1
[debug] [2026-07-25T04:37:23.893Z] [update-functions-europe-west1-stripeWebhook] Retrying task index 0
[debug] [2026-07-25T04:37:23.894Z] Checked if tokens are valid: true, expires at: 1784957429103
[debug] [2026-07-25T04:37:23.895Z] Checked if tokens are valid: true, expires at: 1784957429103
[debug] [2026-07-25T04:37:23.895Z] >>> [apiv2][query] GET https://cloudfunctions.googleapis.com/v2/projects/alkahf-41600/locations/europe-west1/operations/operation-1784954240538-657680b72985f-656e8232-dee81755 [none]
[debug] [2026-07-25T04:37:24.148Z] <<< [apiv2][status] GET https://cloudfunctions.googleapis.com/v2/projects/alkahf-41600/locations/europe-west1/operations/operation-1784954240538-657680b72985f-656e8232-dee81755 200
[debug] [2026-07-25T04:37:24.149Z] <<< [apiv2][body] GET https://cloudfunctions.googleapis.com/v2/projects/alkahf-41600/locations/europe-west1/operations/operation-1784954240538-657680b72985f-656e8232-dee81755 {"name":"projects/alkahf-41600/locations/europe-west1/operations/operation-1784954240538-657680b72985f-656e8232-dee81755","metadata":{"@type":"type.googleapis.com/google.cloud.functions.v2.OperationMetadata","createTime":"2026-07-25T04:37:21.532201371Z","target":"projects/alkahf-41600/locations/europe-west1/functions/stripeWebhook","verb":"update","cancelRequested":false,"apiVersion":"v2","requestResource":{"@type":"type.googleapis.com/google.cloud.functions.v2.Function","name":"projects/alkahf-41600/locations/europe-west1/functions/stripeWebhook","buildConfig":{"runtime":"nodejs24","entryPoint":"stripeWebhook","source":{"storageSource":{"bucket":"gcf-v2-sources-826972253416-europe-west1","object":"stripeWebhook/function-source.zip","generation":"1784954241494350"}},"environmentVariables":{"GOOGLE_NODE_RUN_SCRIPTS":""},"dockerRepository":"projects/alkahf-41600/locations/europe-west1/repositories/gcf-artifacts","sourceProvenance":{"resolvedStorageSource":{"bucket":"gcf-v2-sources-826972253416-europe-west1","object":"stripeWebhook/function-source.zip","generation":"1784953863107773"}},"dockerRegistry":"ARTIFACT_REGISTRY","sourceToken":"Clhwcm9qZWN0cy84MjY5NzIyNTM0MTYvbG9jYXRpb25zL2V1cm9wZS13ZXN0MS9idWlsZHMvN2M2MTIwNDYtMWFhZi00MTQ5LWE4N2ItMzQ1NTAwNDNhODQ0EntldXJvcGUtd2VzdDEtZG9ja2VyLnBrZy5kZXYvYWxrYWhmLTQxNjAwL2djZi1hcnRpZmFjdHMvYWxrYWhmLS00MTYwMF9fZXVyb3BlLS13ZXN0MV9fZmluYWxpemVfb3JkZXJfYWZ0ZXJfcGF5bWVudDp2ZXJzaW9uXzEY6NmM24gYIlBwcm9qZWN0cy9hbGthaGYtNDE2MDAvbG9jYXRpb25zL2V1cm9wZS13ZXN0MS9mdW5jdGlvbnMvZmluYWxpemVPcmRlckFmdGVyUGF5bWVudCoLCPn6kNMGEKi1+nIyCG5vZGVqczI0OncKI2djci5pby9nYWUtcnVudGltZXMvbm9kZWpzMjQ6c3RhYmxlElBldXJvcGUtd2VzdDEtZG9ja2VyLnBrZy5kZXYvc2VydmVybGVzcy1ydW50aW1lcy9nb29nbGUtMjQtZnVsbC9ydW50aW1lcy9ub2RlanMyNEAB","serviceAccount":"projects/alkahf-41600/serviceAccounts/826972253416-compute@developer.gserviceaccount.com","automaticUpdatePolicy":{}},"serviceConfig":{"service":"projects/alkahf-41600/locations/europe-west1/services/stripewebhook","timeoutSeconds":120,"environmentVariables":{"FIREBASE_CONFIG":"{\"projectId\":\"alkahf-41600\",\"storageBucket\":\"alkahf-41600.firebasestorage.app\"}","GCLOUD_PROJECT":"alkahf-41600","EVENTARC_CLOUD_EVENT_SOURCE":"projects/alkahf-41600/locations/europe-west1/services/stripeWebhook","FUNCTION_TARGET":"stripeWebhook","LOG_EXECUTION_ID":"true","FUNCTION_SIGNATURE_TYPE":"http"},"ingressSettings":"ALLOW_ALL","uri":"https://stripewebhook-v7ywmuwhiq-ew.a.run.app","serviceAccountEmail":"826972253416-compute@developer.gserviceaccount.com","availableMemory":"1024Mi","allTrafficOnLatestRevision":true,"secretEnvironmentVariables":[{"key":"STRIPE_SECRET","projectId":"alkahf-41600","secret":"STRIPE_SECRET","version":"16"},{"key":"STRIPE_WEBHOOK_SECRET","projectId":"alkahf-41600","secret":"STRIPE_WEBHOOK_SECRET","version":"5"},{"key":"RESEND_API_KEY","projectId":"alkahf-41600","secret":"RESEND_API_KEY","version":"1"},{"key":"RESEND_FROM","projectId":"alkahf-41600","secret":"RESEND_FROM","version":"3"},{"key":"SMTP_URL","projectId":"alkahf-41600","secret":"SMTP_URL","version":"2"},{"key":"SMTP_FROM","projectId":"alkahf-41600","secret":"SMTP_FROM","version":"1"}],"revision":"stripewebhook-00049-muk","maxInstanceRequestConcurrency":80,"availableCpu":"1"},"state":"ACTIVE","labels":{"deployment-tool":"cli-firebase","firebase-functions-codebase":"functions","firebase-functions-hash":"eb6232ea2cd6682958f0dea864afe7f0ebd70be0"},"environment":"GEN_2","url":"https://europe-west1-alkahf-41600.cloudfunctions.net/stripeWebhook","satisfiesPzi":true},"stages":[{"name":"BUILD","message":"Reusing build","state":"COMPLETE","resource":"projects/826972253416/locations/europe-west1/builds/7c612046-1aaf-4149-a87b-34550043a844"},{"name":"SERVICE","message":"Updating Cloud Run service","state":"IN_PROGRESS","resource":"projects/alkahf-41600/locations/europe-west1/services/stripewebhook","resourceUri":"https://console.cloud.google.com/run/detail/europe-west1/stripewebhook?project=alkahf-41600","stateMessages":[{"severity":"INFO","type":"CloudRunServiceNewRevisionTrafficInfo","message":"A new revision will be deployed serving with 100% traffic."}]}],"sourceToken":"Clhwcm9qZWN0cy84MjY5NzIyNTM0MTYvbG9jYXRpb25zL2V1cm9wZS13ZXN0MS9idWlsZHMvN2M2MTIwNDYtMWFhZi00MTQ5LWE4N2ItMzQ1NTAwNDNhODQ0EntldXJvcGUtd2VzdDEtZG9ja2VyLnBrZy5kZXYvYWxrYWhmLTQxNjAwL2djZi1hcnRpZmFjdHMvYWxrYWhmLS00MTYwMF9fZXVyb3BlLS13ZXN0MV9fZmluYWxpemVfb3JkZXJfYWZ0ZXJfcGF5bWVudDp2ZXJzaW9uXzEY6NmM24gYIlBwcm9qZWN0cy9hbGthaGYtNDE2MDAvbG9jYXRpb25zL2V1cm9wZS13ZXN0MS9mdW5jdGlvbnMvZmluYWxpemVPcmRlckFmdGVyUGF5bWVudCoLCPn6kNMGEKi1+nIyCG5vZGVqczI0OncKI2djci5pby9nYWUtcnVudGltZXMvbm9kZWpzMjQ6c3RhYmxlElBldXJvcGUtd2VzdDEtZG9ja2VyLnBrZy5kZXYvc2VydmVybGVzcy1ydW50aW1lcy9nb29nbGUtMjQtZnVsbC9ydW50aW1lcy9ub2RlanMyNEAB","operationType":"UPDATE_FUNCTION","buildName":"projects/826972253416/locations/europe-west1/builds/7c612046-1aaf-4149-a87b-34550043a844"},"done":false}
[debug] [2026-07-25T04:37:24.149Z] Got source token Clhwcm9qZWN0cy84MjY5NzIyNTM0MTYvbG9jYXRpb25zL2V1cm9wZS13ZXN0MS9idWlsZHMvN2M2MTIwNDYtMWFhZi00MTQ5LWE4N2ItMzQ1NTAwNDNhODQ0EntldXJvcGUtd2VzdDEtZG9ja2VyLnBrZy5kZXYvYWxrYWhmLTQxNjAwL2djZi1hcnRpZmFjdHMvYWxrYWhmLS00MTYwMF9fZXVyb3BlLS13ZXN0MV9fZmluYWxpemVfb3JkZXJfYWZ0ZXJfcGF5bWVudDp2ZXJzaW9uXzEY6NmM24gYIlBwcm9qZWN0cy9hbGthaGYtNDE2MDAvbG9jYXRpb25zL2V1cm9wZS13ZXN0MS9mdW5jdGlvbnMvZmluYWxpemVPcmRlckFmdGVyUGF5bWVudCoLCPn6kNMGEKi1+nIyCG5vZGVqczI0OncKI2djci5pby9nYWUtcnVudGltZXMvbm9kZWpzMjQ6c3RhYmxlElBldXJvcGUtd2VzdDEtZG9ja2VyLnBrZy5kZXYvc2VydmVybGVzcy1ydW50aW1lcy9nb29nbGUtMjQtZnVsbC9ydW50aW1lcy9ub2RlanMyNEAB for region europe-west1
[debug] [2026-07-25T04:37:24.574Z] [update-functions-europe-west1-resendInvoiceEmail] Retrying task index 0
[debug] [2026-07-25T04:37:24.576Z] Checked if tokens are valid: true, expires at: 1784957429103
[debug] [2026-07-25T04:37:24.577Z] Checked if tokens are valid: true, expires at: 1784957429103
[debug] [2026-07-25T04:37:24.578Z] >>> [apiv2][query] GET https://cloudfunctions.googleapis.com/v2/projects/alkahf-41600/locations/europe-west1/operations/operation-1784954240179-657680b6d1e12-aefa8632-d9722248 [none]
[debug] [2026-07-25T04:37:24.828Z] <<< [apiv2][status] GET https://cloudfunctions.googleapis.com/v2/projects/alkahf-41600/locations/europe-west1/operations/operation-1784954240179-657680b6d1e12-aefa8632-d9722248 200
[debug] [2026-07-25T04:37:24.828Z] <<< [apiv2][body] GET https://cloudfunctions.googleapis.com/v2/projects/alkahf-41600/locations/europe-west1/operations/operation-1784954240179-657680b6d1e12-aefa8632-d9722248 {"name":"projects/alkahf-41600/locations/europe-west1/operations/operation-1784954240179-657680b6d1e12-aefa8632-d9722248","metadata":{"@type":"type.googleapis.com/google.cloud.functions.v2.OperationMetadata","createTime":"2026-07-25T04:37:21.114495488Z","target":"projects/alkahf-41600/locations/europe-west1/functions/resendInvoiceEmail","verb":"update","cancelRequested":false,"apiVersion":"v2","requestResource":{"@type":"type.googleapis.com/google.cloud.functions.v2.Function","name":"projects/alkahf-41600/locations/europe-west1/functions/resendInvoiceEmail","buildConfig":{"runtime":"nodejs24","entryPoint":"resendInvoiceEmail","source":{"storageSource":{"bucket":"gcf-v2-sources-826972253416-europe-west1","object":"resendInvoiceEmail/function-source.zip","generation":"1784954241069453"}},"environmentVariables":{"GOOGLE_NODE_RUN_SCRIPTS":""},"dockerRepository":"projects/alkahf-41600/locations/europe-west1/repositories/gcf-artifacts","sourceProvenance":{"resolvedStorageSource":{"bucket":"gcf-v2-sources-826972253416-europe-west1","object":"resendInvoiceEmail/function-source.zip","generation":"1784953863003324"}},"dockerRegistry":"ARTIFACT_REGISTRY","sourceToken":"Clhwcm9qZWN0cy84MjY5NzIyNTM0MTYvbG9jYXRpb25zL2V1cm9wZS13ZXN0MS9idWlsZHMvN2M2MTIwNDYtMWFhZi00MTQ5LWE4N2ItMzQ1NTAwNDNhODQ0EntldXJvcGUtd2VzdDEtZG9ja2VyLnBrZy5kZXYvYWxrYWhmLTQxNjAwL2djZi1hcnRpZmFjdHMvYWxrYWhmLS00MTYwMF9fZXVyb3BlLS13ZXN0MV9fZmluYWxpemVfb3JkZXJfYWZ0ZXJfcGF5bWVudDp2ZXJzaW9uXzEY6NmM24gYIlBwcm9qZWN0cy9hbGthaGYtNDE2MDAvbG9jYXRpb25zL2V1cm9wZS13ZXN0MS9mdW5jdGlvbnMvZmluYWxpemVPcmRlckFmdGVyUGF5bWVudCoLCPn6kNMGEKi1+nIyCG5vZGVqczI0OncKI2djci5pby9nYWUtcnVudGltZXMvbm9kZWpzMjQ6c3RhYmxlElBldXJvcGUtd2VzdDEtZG9ja2VyLnBrZy5kZXYvc2VydmVybGVzcy1ydW50aW1lcy9nb29nbGUtMjQtZnVsbC9ydW50aW1lcy9ub2RlanMyNEAB","serviceAccount":"projects/alkahf-41600/serviceAccounts/826972253416-compute@developer.gserviceaccount.com","automaticUpdatePolicy":{}},"serviceConfig":{"service":"projects/alkahf-41600/locations/europe-west1/services/resendinvoiceemail","timeoutSeconds":120,"environmentVariables":{"FIREBASE_CONFIG":"{\"projectId\":\"alkahf-41600\",\"storageBucket\":\"alkahf-41600.firebasestorage.app\"}","GCLOUD_PROJECT":"alkahf-41600","EVENTARC_CLOUD_EVENT_SOURCE":"projects/alkahf-41600/locations/europe-west1/services/resendInvoiceEmail","FUNCTION_TARGET":"resendInvoiceEmail","LOG_EXECUTION_ID":"true","FUNCTION_SIGNATURE_TYPE":"http"},"ingressSettings":"ALLOW_ALL","uri":"https://resendinvoiceemail-v7ywmuwhiq-ew.a.run.app","serviceAccountEmail":"826972253416-compute@developer.gserviceaccount.com","availableMemory":"1024Mi","allTrafficOnLatestRevision":true,"secretEnvironmentVariables":[{"key":"RESEND_API_KEY","projectId":"alkahf-41600","secret":"RESEND_API_KEY","version":"1"},{"key":"RESEND_FROM","projectId":"alkahf-41600","secret":"RESEND_FROM","version":"3"},{"key":"SMTP_URL","projectId":"alkahf-41600","secret":"SMTP_URL","version":"2"},{"key":"SMTP_FROM","projectId":"alkahf-41600","secret":"SMTP_FROM","version":"1"},{"key":"ADMIN_EMAILS","projectId":"alkahf-41600","secret":"ADMIN_EMAILS","version":"2"}],"revision":"resendinvoiceemail-00025-zaj","maxInstanceRequestConcurrency":80,"availableCpu":"1"},"state":"ACTIVE","labels":{"deployment-tool":"cli-firebase","deployment-callable":"true","firebase-functions-codebase":"functions","firebase-functions-hash":"840abedf434f44d3e317cfd2065585f2b6ec4d1a"},"environment":"GEN_2","url":"https://europe-west1-alkahf-41600.cloudfunctions.net/resendInvoiceEmail","satisfiesPzi":true},"stages":[{"name":"BUILD","message":"Reusing build","state":"COMPLETE","resource":"projects/826972253416/locations/europe-west1/builds/7c612046-1aaf-4149-a87b-34550043a844"},{"name":"SERVICE","message":"Updating Cloud Run service","state":"IN_PROGRESS","resource":"projects/alkahf-41600/locations/europe-west1/services/resendinvoiceemail","resourceUri":"https://console.cloud.google.com/run/detail/europe-west1/resendinvoiceemail?project=alkahf-41600","stateMessages":[{"severity":"INFO","type":"CloudRunServiceNewRevisionTrafficInfo","message":"A new revision will be deployed serving with 100% traffic."}]}],"sourceToken":"Clhwcm9qZWN0cy84MjY5NzIyNTM0MTYvbG9jYXRpb25zL2V1cm9wZS13ZXN0MS9idWlsZHMvN2M2MTIwNDYtMWFhZi00MTQ5LWE4N2ItMzQ1NTAwNDNhODQ0EntldXJvcGUtd2VzdDEtZG9ja2VyLnBrZy5kZXYvYWxrYWhmLTQxNjAwL2djZi1hcnRpZmFjdHMvYWxrYWhmLS00MTYwMF9fZXVyb3BlLS13ZXN0MV9fZmluYWxpemVfb3JkZXJfYWZ0ZXJfcGF5bWVudDp2ZXJzaW9uXzEY6NmM24gYIlBwcm9qZWN0cy9hbGthaGYtNDE2MDAvbG9jYXRpb25zL2V1cm9wZS13ZXN0MS9mdW5jdGlvbnMvZmluYWxpemVPcmRlckFmdGVyUGF5bWVudCoLCPn6kNMGEKi1+nIyCG5vZGVqczI0OncKI2djci5pby9nYWUtcnVudGltZXMvbm9kZWpzMjQ6c3RhYmxlElBldXJvcGUtd2VzdDEtZG9ja2VyLnBrZy5kZXYvc2VydmVybGVzcy1ydW50aW1lcy9nb29nbGUtMjQtZnVsbC9ydW50aW1lcy9ub2RlanMyNEAB","operationType":"UPDATE_FUNCTION","buildName":"projects/826972253416/locations/europe-west1/builds/7c612046-1aaf-4149-a87b-34550043a844"},"done":false}
[debug] [2026-07-25T04:37:24.829Z] Got source token Clhwcm9qZWN0cy84MjY5NzIyNTM0MTYvbG9jYXRpb25zL2V1cm9wZS13ZXN0MS9idWlsZHMvN2M2MTIwNDYtMWFhZi00MTQ5LWE4N2ItMzQ1NTAwNDNhODQ0EntldXJvcGUtd2VzdDEtZG9ja2VyLnBrZy5kZXYvYWxrYWhmLTQxNjAwL2djZi1hcnRpZmFjdHMvYWxrYWhmLS00MTYwMF9fZXVyb3BlLS13ZXN0MV9fZmluYWxpemVfb3JkZXJfYWZ0ZXJfcGF5bWVudDp2ZXJzaW9uXzEY6NmM24gYIlBwcm9qZWN0cy9hbGthaGYtNDE2MDAvbG9jYXRpb25zL2V1cm9wZS13ZXN0MS9mdW5jdGlvbnMvZmluYWxpemVPcmRlckFmdGVyUGF5bWVudCoLCPn6kNMGEKi1+nIyCG5vZGVqczI0OncKI2djci5pby9nYWUtcnVudGltZXMvbm9kZWpzMjQ6c3RhYmxlElBldXJvcGUtd2VzdDEtZG9ja2VyLnBrZy5kZXYvc2VydmVybGVzcy1ydW50aW1lcy9nb29nbGUtMjQtZnVsbC9ydW50aW1lcy9ub2RlanMyNEAB for region europe-west1
[debug] [2026-07-25T04:37:25.162Z] [update-functions-europe-west1-stripeWebhook] Retrying task index 0
[debug] [2026-07-25T04:37:25.165Z] Checked if tokens are valid: true, expires at: 1784957429103
[debug] [2026-07-25T04:37:25.166Z] Checked if tokens are valid: true, expires at: 1784957429103
[debug] [2026-07-25T04:37:25.172Z] >>> [apiv2][query] GET https://cloudfunctions.googleapis.com/v2/projects/alkahf-41600/locations/europe-west1/operations/operation-1784954240538-657680b72985f-656e8232-dee81755 [none]
[debug] [2026-07-25T04:37:25.409Z] <<< [apiv2][status] GET https://cloudfunctions.googleapis.com/v2/projects/alkahf-41600/locations/europe-west1/operations/operation-1784954240538-657680b72985f-656e8232-dee81755 200
[debug] [2026-07-25T04:37:25.410Z] <<< [apiv2][body] GET https://cloudfunctions.googleapis.com/v2/projects/alkahf-41600/locations/europe-west1/operations/operation-1784954240538-657680b72985f-656e8232-dee81755 {"name":"projects/alkahf-41600/locations/europe-west1/operations/operation-1784954240538-657680b72985f-656e8232-dee81755","metadata":{"@type":"type.googleapis.com/google.cloud.functions.v2.OperationMetadata","createTime":"2026-07-25T04:37:21.532201371Z","target":"projects/alkahf-41600/locations/europe-west1/functions/stripeWebhook","verb":"update","cancelRequested":false,"apiVersion":"v2","requestResource":{"@type":"type.googleapis.com/google.cloud.functions.v2.Function","name":"projects/alkahf-41600/locations/europe-west1/functions/stripeWebhook","buildConfig":{"runtime":"nodejs24","entryPoint":"stripeWebhook","source":{"storageSource":{"bucket":"gcf-v2-sources-826972253416-europe-west1","object":"stripeWebhook/function-source.zip","generation":"1784954241494350"}},"environmentVariables":{"GOOGLE_NODE_RUN_SCRIPTS":""},"dockerRepository":"projects/alkahf-41600/locations/europe-west1/repositories/gcf-artifacts","sourceProvenance":{"resolvedStorageSource":{"bucket":"gcf-v2-sources-826972253416-europe-west1","object":"stripeWebhook/function-source.zip","generation":"1784953863107773"}},"dockerRegistry":"ARTIFACT_REGISTRY","sourceToken":"Clhwcm9qZWN0cy84MjY5NzIyNTM0MTYvbG9jYXRpb25zL2V1cm9wZS13ZXN0MS9idWlsZHMvN2M2MTIwNDYtMWFhZi00MTQ5LWE4N2ItMzQ1NTAwNDNhODQ0EntldXJvcGUtd2VzdDEtZG9ja2VyLnBrZy5kZXYvYWxrYWhmLTQxNjAwL2djZi1hcnRpZmFjdHMvYWxrYWhmLS00MTYwMF9fZXVyb3BlLS13ZXN0MV9fZmluYWxpemVfb3JkZXJfYWZ0ZXJfcGF5bWVudDp2ZXJzaW9uXzEY6NmM24gYIlBwcm9qZWN0cy9hbGthaGYtNDE2MDAvbG9jYXRpb25zL2V1cm9wZS13ZXN0MS9mdW5jdGlvbnMvZmluYWxpemVPcmRlckFmdGVyUGF5bWVudCoLCPn6kNMGEKi1+nIyCG5vZGVqczI0OncKI2djci5pby9nYWUtcnVudGltZXMvbm9kZWpzMjQ6c3RhYmxlElBldXJvcGUtd2VzdDEtZG9ja2VyLnBrZy5kZXYvc2VydmVybGVzcy1ydW50aW1lcy9nb29nbGUtMjQtZnVsbC9ydW50aW1lcy9ub2RlanMyNEAB","serviceAccount":"projects/alkahf-41600/serviceAccounts/826972253416-compute@developer.gserviceaccount.com","automaticUpdatePolicy":{}},"serviceConfig":{"service":"projects/alkahf-41600/locations/europe-west1/services/stripewebhook","timeoutSeconds":120,"environmentVariables":{"FIREBASE_CONFIG":"{\"projectId\":\"alkahf-41600\",\"storageBucket\":\"alkahf-41600.firebasestorage.app\"}","GCLOUD_PROJECT":"alkahf-41600","EVENTARC_CLOUD_EVENT_SOURCE":"projects/alkahf-41600/locations/europe-west1/services/stripeWebhook","FUNCTION_TARGET":"stripeWebhook","LOG_EXECUTION_ID":"true","FUNCTION_SIGNATURE_TYPE":"http"},"ingressSettings":"ALLOW_ALL","uri":"https://stripewebhook-v7ywmuwhiq-ew.a.run.app","serviceAccountEmail":"826972253416-compute@developer.gserviceaccount.com","availableMemory":"1024Mi","allTrafficOnLatestRevision":true,"secretEnvironmentVariables":[{"key":"STRIPE_SECRET","projectId":"alkahf-41600","secret":"STRIPE_SECRET","version":"16"},{"key":"STRIPE_WEBHOOK_SECRET","projectId":"alkahf-41600","secret":"STRIPE_WEBHOOK_SECRET","version":"5"},{"key":"RESEND_API_KEY","projectId":"alkahf-41600","secret":"RESEND_API_KEY","version":"1"},{"key":"RESEND_FROM","projectId":"alkahf-41600","secret":"RESEND_FROM","version":"3"},{"key":"SMTP_URL","projectId":"alkahf-41600","secret":"SMTP_URL","version":"2"},{"key":"SMTP_FROM","projectId":"alkahf-41600","secret":"SMTP_FROM","version":"1"}],"revision":"stripewebhook-00049-muk","maxInstanceRequestConcurrency":80,"availableCpu":"1"},"state":"ACTIVE","labels":{"deployment-tool":"cli-firebase","firebase-functions-codebase":"functions","firebase-functions-hash":"eb6232ea2cd6682958f0dea864afe7f0ebd70be0"},"environment":"GEN_2","url":"https://europe-west1-alkahf-41600.cloudfunctions.net/stripeWebhook","satisfiesPzi":true},"stages":[{"name":"BUILD","message":"Reusing build","state":"COMPLETE","resource":"projects/826972253416/locations/europe-west1/builds/7c612046-1aaf-4149-a87b-34550043a844"},{"name":"SERVICE","message":"Updating Cloud Run service","state":"IN_PROGRESS","resource":"projects/alkahf-41600/locations/europe-west1/services/stripewebhook","resourceUri":"https://console.cloud.google.com/run/detail/europe-west1/stripewebhook?project=alkahf-41600","stateMessages":[{"severity":"INFO","type":"CloudRunServiceNewRevisionTrafficInfo","message":"A new revision will be deployed serving with 100% traffic."}]}],"sourceToken":"Clhwcm9qZWN0cy84MjY5NzIyNTM0MTYvbG9jYXRpb25zL2V1cm9wZS13ZXN0MS9idWlsZHMvN2M2MTIwNDYtMWFhZi00MTQ5LWE4N2ItMzQ1NTAwNDNhODQ0EntldXJvcGUtd2VzdDEtZG9ja2VyLnBrZy5kZXYvYWxrYWhmLTQxNjAwL2djZi1hcnRpZmFjdHMvYWxrYWhmLS00MTYwMF9fZXVyb3BlLS13ZXN0MV9fZmluYWxpemVfb3JkZXJfYWZ0ZXJfcGF5bWVudDp2ZXJzaW9uXzEY6NmM24gYIlBwcm9qZWN0cy9hbGthaGYtNDE2MDAvbG9jYXRpb25zL2V1cm9wZS13ZXN0MS9mdW5jdGlvbnMvZmluYWxpemVPcmRlckFmdGVyUGF5bWVudCoLCPn6kNMGEKi1+nIyCG5vZGVqczI0OncKI2djci5pby9nYWUtcnVudGltZXMvbm9kZWpzMjQ6c3RhYmxlElBldXJvcGUtd2VzdDEtZG9ja2VyLnBrZy5kZXYvc2VydmVybGVzcy1ydW50aW1lcy9nb29nbGUtMjQtZnVsbC9ydW50aW1lcy9ub2RlanMyNEAB","operationType":"UPDATE_FUNCTION","buildName":"projects/826972253416/locations/europe-west1/builds/7c612046-1aaf-4149-a87b-34550043a844"},"done":false}
[debug] [2026-07-25T04:37:25.410Z] Got source token Clhwcm9qZWN0cy84MjY5NzIyNTM0MTYvbG9jYXRpb25zL2V1cm9wZS13ZXN0MS9idWlsZHMvN2M2MTIwNDYtMWFhZi00MTQ5LWE4N2ItMzQ1NTAwNDNhODQ0EntldXJvcGUtd2VzdDEtZG9ja2VyLnBrZy5kZXYvYWxrYWhmLTQxNjAwL2djZi1hcnRpZmFjdHMvYWxrYWhmLS00MTYwMF9fZXVyb3BlLS13ZXN0MV9fZmluYWxpemVfb3JkZXJfYWZ0ZXJfcGF5bWVudDp2ZXJzaW9uXzEY6NmM24gYIlBwcm9qZWN0cy9hbGthaGYtNDE2MDAvbG9jYXRpb25zL2V1cm9wZS13ZXN0MS9mdW5jdGlvbnMvZmluYWxpemVPcmRlckFmdGVyUGF5bWVudCoLCPn6kNMGEKi1+nIyCG5vZGVqczI0OncKI2djci5pby9nYWUtcnVudGltZXMvbm9kZWpzMjQ6c3RhYmxlElBldXJvcGUtd2VzdDEtZG9ja2VyLnBrZy5kZXYvc2VydmVybGVzcy1ydW50aW1lcy9nb29nbGUtMjQtZnVsbC9ydW50aW1lcy9ub2RlanMyNEAB for region europe-west1
[debug] [2026-07-25T04:37:26.841Z] [update-functions-europe-west1-resendInvoiceEmail] Retrying task index 0
[debug] [2026-07-25T04:37:26.843Z] Checked if tokens are valid: true, expires at: 1784957429103
[debug] [2026-07-25T04:37:26.843Z] Checked if tokens are valid: true, expires at: 1784957429103
[debug] [2026-07-25T04:37:26.844Z] >>> [apiv2][query] GET https://cloudfunctions.googleapis.com/v2/projects/alkahf-41600/locations/europe-west1/operations/operation-1784954240179-657680b6d1e12-aefa8632-d9722248 [none]
[debug] [2026-07-25T04:37:27.028Z] <<< [apiv2][status] GET https://cloudfunctions.googleapis.com/v2/projects/alkahf-41600/locations/europe-west1/operations/operation-1784954240179-657680b6d1e12-aefa8632-d9722248 200
[debug] [2026-07-25T04:37:27.029Z] <<< [apiv2][body] GET https://cloudfunctions.googleapis.com/v2/projects/alkahf-41600/locations/europe-west1/operations/operation-1784954240179-657680b6d1e12-aefa8632-d9722248 {"name":"projects/alkahf-41600/locations/europe-west1/operations/operation-1784954240179-657680b6d1e12-aefa8632-d9722248","metadata":{"@type":"type.googleapis.com/google.cloud.functions.v2.OperationMetadata","createTime":"2026-07-25T04:37:21.114495488Z","target":"projects/alkahf-41600/locations/europe-west1/functions/resendInvoiceEmail","verb":"update","cancelRequested":false,"apiVersion":"v2","requestResource":{"@type":"type.googleapis.com/google.cloud.functions.v2.Function","name":"projects/alkahf-41600/locations/europe-west1/functions/resendInvoiceEmail","buildConfig":{"runtime":"nodejs24","entryPoint":"resendInvoiceEmail","source":{"storageSource":{"bucket":"gcf-v2-sources-826972253416-europe-west1","object":"resendInvoiceEmail/function-source.zip","generation":"1784954241069453"}},"environmentVariables":{"GOOGLE_NODE_RUN_SCRIPTS":""},"dockerRepository":"projects/alkahf-41600/locations/europe-west1/repositories/gcf-artifacts","sourceProvenance":{"resolvedStorageSource":{"bucket":"gcf-v2-sources-826972253416-europe-west1","object":"resendInvoiceEmail/function-source.zip","generation":"1784953863003324"}},"dockerRegistry":"ARTIFACT_REGISTRY","sourceToken":"Clhwcm9qZWN0cy84MjY5NzIyNTM0MTYvbG9jYXRpb25zL2V1cm9wZS13ZXN0MS9idWlsZHMvN2M2MTIwNDYtMWFhZi00MTQ5LWE4N2ItMzQ1NTAwNDNhODQ0EntldXJvcGUtd2VzdDEtZG9ja2VyLnBrZy5kZXYvYWxrYWhmLTQxNjAwL2djZi1hcnRpZmFjdHMvYWxrYWhmLS00MTYwMF9fZXVyb3BlLS13ZXN0MV9fZmluYWxpemVfb3JkZXJfYWZ0ZXJfcGF5bWVudDp2ZXJzaW9uXzEY6NmM24gYIlBwcm9qZWN0cy9hbGthaGYtNDE2MDAvbG9jYXRpb25zL2V1cm9wZS13ZXN0MS9mdW5jdGlvbnMvZmluYWxpemVPcmRlckFmdGVyUGF5bWVudCoLCPn6kNMGEKi1+nIyCG5vZGVqczI0OncKI2djci5pby9nYWUtcnVudGltZXMvbm9kZWpzMjQ6c3RhYmxlElBldXJvcGUtd2VzdDEtZG9ja2VyLnBrZy5kZXYvc2VydmVybGVzcy1ydW50aW1lcy9nb29nbGUtMjQtZnVsbC9ydW50aW1lcy9ub2RlanMyNEAB","serviceAccount":"projects/alkahf-41600/serviceAccounts/826972253416-compute@developer.gserviceaccount.com","automaticUpdatePolicy":{}},"serviceConfig":{"service":"projects/alkahf-41600/locations/europe-west1/services/resendinvoiceemail","timeoutSeconds":120,"environmentVariables":{"FIREBASE_CONFIG":"{\"projectId\":\"alkahf-41600\",\"storageBucket\":\"alkahf-41600.firebasestorage.app\"}","GCLOUD_PROJECT":"alkahf-41600","EVENTARC_CLOUD_EVENT_SOURCE":"projects/alkahf-41600/locations/europe-west1/services/resendInvoiceEmail","FUNCTION_TARGET":"resendInvoiceEmail","LOG_EXECUTION_ID":"true","FUNCTION_SIGNATURE_TYPE":"http"},"ingressSettings":"ALLOW_ALL","uri":"https://resendinvoiceemail-v7ywmuwhiq-ew.a.run.app","serviceAccountEmail":"826972253416-compute@developer.gserviceaccount.com","availableMemory":"1024Mi","allTrafficOnLatestRevision":true,"secretEnvironmentVariables":[{"key":"RESEND_API_KEY","projectId":"alkahf-41600","secret":"RESEND_API_KEY","version":"1"},{"key":"RESEND_FROM","projectId":"alkahf-41600","secret":"RESEND_FROM","version":"3"},{"key":"SMTP_URL","projectId":"alkahf-41600","secret":"SMTP_URL","version":"2"},{"key":"SMTP_FROM","projectId":"alkahf-41600","secret":"SMTP_FROM","version":"1"},{"key":"ADMIN_EMAILS","projectId":"alkahf-41600","secret":"ADMIN_EMAILS","version":"2"}],"revision":"resendinvoiceemail-00025-zaj","maxInstanceRequestConcurrency":80,"availableCpu":"1"},"state":"ACTIVE","labels":{"deployment-tool":"cli-firebase","deployment-callable":"true","firebase-functions-codebase":"functions","firebase-functions-hash":"840abedf434f44d3e317cfd2065585f2b6ec4d1a"},"environment":"GEN_2","url":"https://europe-west1-alkahf-41600.cloudfunctions.net/resendInvoiceEmail","satisfiesPzi":true},"stages":[{"name":"BUILD","message":"Reusing build","state":"COMPLETE","resource":"projects/826972253416/locations/europe-west1/builds/7c612046-1aaf-4149-a87b-34550043a844"},{"name":"SERVICE","message":"Updating Cloud Run service","state":"IN_PROGRESS","resource":"projects/alkahf-41600/locations/europe-west1/services/resendinvoiceemail","resourceUri":"https://console.cloud.google.com/run/detail/europe-west1/resendinvoiceemail?project=alkahf-41600","stateMessages":[{"severity":"INFO","type":"CloudRunServiceNewRevisionTrafficInfo","message":"A new revision will be deployed serving with 100% traffic."}]}],"sourceToken":"Clhwcm9qZWN0cy84MjY5NzIyNTM0MTYvbG9jYXRpb25zL2V1cm9wZS13ZXN0MS9idWlsZHMvN2M2MTIwNDYtMWFhZi00MTQ5LWE4N2ItMzQ1NTAwNDNhODQ0EntldXJvcGUtd2VzdDEtZG9ja2VyLnBrZy5kZXYvYWxrYWhmLTQxNjAwL2djZi1hcnRpZmFjdHMvYWxrYWhmLS00MTYwMF9fZXVyb3BlLS13ZXN0MV9fZmluYWxpemVfb3JkZXJfYWZ0ZXJfcGF5bWVudDp2ZXJzaW9uXzEY6NmM24gYIlBwcm9qZWN0cy9hbGthaGYtNDE2MDAvbG9jYXRpb25zL2V1cm9wZS13ZXN0MS9mdW5jdGlvbnMvZmluYWxpemVPcmRlckFmdGVyUGF5bWVudCoLCPn6kNMGEKi1+nIyCG5vZGVqczI0OncKI2djci5pby9nYWUtcnVudGltZXMvbm9kZWpzMjQ6c3RhYmxlElBldXJvcGUtd2VzdDEtZG9ja2VyLnBrZy5kZXYvc2VydmVybGVzcy1ydW50aW1lcy9nb29nbGUtMjQtZnVsbC9ydW50aW1lcy9ub2RlanMyNEAB","operationType":"UPDATE_FUNCTION","buildName":"projects/826972253416/locations/europe-west1/builds/7c612046-1aaf-4149-a87b-34550043a844"},"done":false}
[debug] [2026-07-25T04:37:27.029Z] Got source token Clhwcm9qZWN0cy84MjY5NzIyNTM0MTYvbG9jYXRpb25zL2V1cm9wZS13ZXN0MS9idWlsZHMvN2M2MTIwNDYtMWFhZi00MTQ5LWE4N2ItMzQ1NTAwNDNhODQ0EntldXJvcGUtd2VzdDEtZG9ja2VyLnBrZy5kZXYvYWxrYWhmLTQxNjAwL2djZi1hcnRpZmFjdHMvYWxrYWhmLS00MTYwMF9fZXVyb3BlLS13ZXN0MV9fZmluYWxpemVfb3JkZXJfYWZ0ZXJfcGF5bWVudDp2ZXJzaW9uXzEY6NmM24gYIlBwcm9qZWN0cy9hbGthaGYtNDE2MDAvbG9jYXRpb25zL2V1cm9wZS13ZXN0MS9mdW5jdGlvbnMvZmluYWxpemVPcmRlckFmdGVyUGF5bWVudCoLCPn6kNMGEKi1+nIyCG5vZGVqczI0OncKI2djci5pby9nYWUtcnVudGltZXMvbm9kZWpzMjQ6c3RhYmxlElBldXJvcGUtd2VzdDEtZG9ja2VyLnBrZy5kZXYvc2VydmVybGVzcy1ydW50aW1lcy9nb29nbGUtMjQtZnVsbC9ydW50aW1lcy9ub2RlanMyNEAB for region europe-west1
[debug] [2026-07-25T04:37:27.412Z] [update-functions-europe-west1-stripeWebhook] Retrying task index 0
[debug] [2026-07-25T04:37:27.420Z] Checked if tokens are valid: true, expires at: 1784957429103
[debug] [2026-07-25T04:37:27.420Z] Checked if tokens are valid: true, expires at: 1784957429103
[debug] [2026-07-25T04:37:27.421Z] >>> [apiv2][query] GET https://cloudfunctions.googleapis.com/v2/projects/alkahf-41600/locations/europe-west1/operations/operation-1784954240538-657680b72985f-656e8232-dee81755 [none]
[debug] [2026-07-25T04:37:27.663Z] <<< [apiv2][status] GET https://cloudfunctions.googleapis.com/v2/projects/alkahf-41600/locations/europe-west1/operations/operation-1784954240538-657680b72985f-656e8232-dee81755 200
[debug] [2026-07-25T04:37:27.664Z] <<< [apiv2][body] GET https://cloudfunctions.googleapis.com/v2/projects/alkahf-41600/locations/europe-west1/operations/operation-1784954240538-657680b72985f-656e8232-dee81755 {"name":"projects/alkahf-41600/locations/europe-west1/operations/operation-1784954240538-657680b72985f-656e8232-dee81755","metadata":{"@type":"type.googleapis.com/google.cloud.functions.v2.OperationMetadata","createTime":"2026-07-25T04:37:21.532201371Z","target":"projects/alkahf-41600/locations/europe-west1/functions/stripeWebhook","verb":"update","cancelRequested":false,"apiVersion":"v2","requestResource":{"@type":"type.googleapis.com/google.cloud.functions.v2.Function","name":"projects/alkahf-41600/locations/europe-west1/functions/stripeWebhook","buildConfig":{"runtime":"nodejs24","entryPoint":"stripeWebhook","source":{"storageSource":{"bucket":"gcf-v2-sources-826972253416-europe-west1","object":"stripeWebhook/function-source.zip","generation":"1784954241494350"}},"environmentVariables":{"GOOGLE_NODE_RUN_SCRIPTS":""},"dockerRepository":"projects/alkahf-41600/locations/europe-west1/repositories/gcf-artifacts","sourceProvenance":{"resolvedStorageSource":{"bucket":"gcf-v2-sources-826972253416-europe-west1","object":"stripeWebhook/function-source.zip","generation":"1784953863107773"}},"dockerRegistry":"ARTIFACT_REGISTRY","sourceToken":"Clhwcm9qZWN0cy84MjY5NzIyNTM0MTYvbG9jYXRpb25zL2V1cm9wZS13ZXN0MS9idWlsZHMvN2M2MTIwNDYtMWFhZi00MTQ5LWE4N2ItMzQ1NTAwNDNhODQ0EntldXJvcGUtd2VzdDEtZG9ja2VyLnBrZy5kZXYvYWxrYWhmLTQxNjAwL2djZi1hcnRpZmFjdHMvYWxrYWhmLS00MTYwMF9fZXVyb3BlLS13ZXN0MV9fZmluYWxpemVfb3JkZXJfYWZ0ZXJfcGF5bWVudDp2ZXJzaW9uXzEY6NmM24gYIlBwcm9qZWN0cy9hbGthaGYtNDE2MDAvbG9jYXRpb25zL2V1cm9wZS13ZXN0MS9mdW5jdGlvbnMvZmluYWxpemVPcmRlckFmdGVyUGF5bWVudCoLCPn6kNMGEKi1+nIyCG5vZGVqczI0OncKI2djci5pby9nYWUtcnVudGltZXMvbm9kZWpzMjQ6c3RhYmxlElBldXJvcGUtd2VzdDEtZG9ja2VyLnBrZy5kZXYvc2VydmVybGVzcy1ydW50aW1lcy9nb29nbGUtMjQtZnVsbC9ydW50aW1lcy9ub2RlanMyNEAB","serviceAccount":"projects/alkahf-41600/serviceAccounts/826972253416-compute@developer.gserviceaccount.com","automaticUpdatePolicy":{}},"serviceConfig":{"service":"projects/alkahf-41600/locations/europe-west1/services/stripewebhook","timeoutSeconds":120,"environmentVariables":{"FIREBASE_CONFIG":"{\"projectId\":\"alkahf-41600\",\"storageBucket\":\"alkahf-41600.firebasestorage.app\"}","GCLOUD_PROJECT":"alkahf-41600","EVENTARC_CLOUD_EVENT_SOURCE":"projects/alkahf-41600/locations/europe-west1/services/stripeWebhook","FUNCTION_TARGET":"stripeWebhook","LOG_EXECUTION_ID":"true","FUNCTION_SIGNATURE_TYPE":"http"},"ingressSettings":"ALLOW_ALL","uri":"https://stripewebhook-v7ywmuwhiq-ew.a.run.app","serviceAccountEmail":"826972253416-compute@developer.gserviceaccount.com","availableMemory":"1024Mi","allTrafficOnLatestRevision":true,"secretEnvironmentVariables":[{"key":"STRIPE_SECRET","projectId":"alkahf-41600","secret":"STRIPE_SECRET","version":"16"},{"key":"STRIPE_WEBHOOK_SECRET","projectId":"alkahf-41600","secret":"STRIPE_WEBHOOK_SECRET","version":"5"},{"key":"RESEND_API_KEY","projectId":"alkahf-41600","secret":"RESEND_API_KEY","version":"1"},{"key":"RESEND_FROM","projectId":"alkahf-41600","secret":"RESEND_FROM","version":"3"},{"key":"SMTP_URL","projectId":"alkahf-41600","secret":"SMTP_URL","version":"2"},{"key":"SMTP_FROM","projectId":"alkahf-41600","secret":"SMTP_FROM","version":"1"}],"revision":"stripewebhook-00049-muk","maxInstanceRequestConcurrency":80,"availableCpu":"1"},"state":"ACTIVE","labels":{"deployment-tool":"cli-firebase","firebase-functions-codebase":"functions","firebase-functions-hash":"eb6232ea2cd6682958f0dea864afe7f0ebd70be0"},"environment":"GEN_2","url":"https://europe-west1-alkahf-41600.cloudfunctions.net/stripeWebhook","satisfiesPzi":true},"stages":[{"name":"BUILD","message":"Reusing build","state":"COMPLETE","resource":"projects/826972253416/locations/europe-west1/builds/7c612046-1aaf-4149-a87b-34550043a844"},{"name":"SERVICE","message":"Updating Cloud Run service","state":"IN_PROGRESS","resource":"projects/alkahf-41600/locations/europe-west1/services/stripewebhook","resourceUri":"https://console.cloud.google.com/run/detail/europe-west1/stripewebhook?project=alkahf-41600","stateMessages":[{"severity":"INFO","type":"CloudRunServiceNewRevisionTrafficInfo","message":"A new revision will be deployed serving with 100% traffic."}]}],"sourceToken":"Clhwcm9qZWN0cy84MjY5NzIyNTM0MTYvbG9jYXRpb25zL2V1cm9wZS13ZXN0MS9idWlsZHMvN2M2MTIwNDYtMWFhZi00MTQ5LWE4N2ItMzQ1NTAwNDNhODQ0EntldXJvcGUtd2VzdDEtZG9ja2VyLnBrZy5kZXYvYWxrYWhmLTQxNjAwL2djZi1hcnRpZmFjdHMvYWxrYWhmLS00MTYwMF9fZXVyb3BlLS13ZXN0MV9fZmluYWxpemVfb3JkZXJfYWZ0ZXJfcGF5bWVudDp2ZXJzaW9uXzEY6NmM24gYIlBwcm9qZWN0cy9hbGthaGYtNDE2MDAvbG9jYXRpb25zL2V1cm9wZS13ZXN0MS9mdW5jdGlvbnMvZmluYWxpemVPcmRlckFmdGVyUGF5bWVudCoLCPn6kNMGEKi1+nIyCG5vZGVqczI0OncKI2djci5pby9nYWUtcnVudGltZXMvbm9kZWpzMjQ6c3RhYmxlElBldXJvcGUtd2VzdDEtZG9ja2VyLnBrZy5kZXYvc2VydmVybGVzcy1ydW50aW1lcy9nb29nbGUtMjQtZnVsbC9ydW50aW1lcy9ub2RlanMyNEAB","operationType":"UPDATE_FUNCTION","buildName":"projects/826972253416/locations/europe-west1/builds/7c612046-1aaf-4149-a87b-34550043a844"},"done":false}
[debug] [2026-07-25T04:37:27.664Z] Got source token Clhwcm9qZWN0cy84MjY5NzIyNTM0MTYvbG9jYXRpb25zL2V1cm9wZS13ZXN0MS9idWlsZHMvN2M2MTIwNDYtMWFhZi00MTQ5LWE4N2ItMzQ1NTAwNDNhODQ0EntldXJvcGUtd2VzdDEtZG9ja2VyLnBrZy5kZXYvYWxrYWhmLTQxNjAwL2djZi1hcnRpZmFjdHMvYWxrYWhmLS00MTYwMF9fZXVyb3BlLS13ZXN0MV9fZmluYWxpemVfb3JkZXJfYWZ0ZXJfcGF5bWVudDp2ZXJzaW9uXzEY6NmM24gYIlBwcm9qZWN0cy9hbGthaGYtNDE2MDAvbG9jYXRpb25zL2V1cm9wZS13ZXN0MS9mdW5jdGlvbnMvZmluYWxpemVPcmRlckFmdGVyUGF5bWVudCoLCPn6kNMGEKi1+nIyCG5vZGVqczI0OncKI2djci5pby9nYWUtcnVudGltZXMvbm9kZWpzMjQ6c3RhYmxlElBldXJvcGUtd2VzdDEtZG9ja2VyLnBrZy5kZXYvc2VydmVybGVzcy1ydW50aW1lcy9nb29nbGUtMjQtZnVsbC9ydW50aW1lcy9ub2RlanMyNEAB for region europe-west1
[debug] [2026-07-25T04:37:31.031Z] [update-functions-europe-west1-resendInvoiceEmail] Retrying task index 0
[debug] [2026-07-25T04:37:31.044Z] Checked if tokens are valid: true, expires at: 1784957429103
[debug] [2026-07-25T04:37:31.044Z] Checked if tokens are valid: true, expires at: 1784957429103
[debug] [2026-07-25T04:37:31.052Z] >>> [apiv2][query] GET https://cloudfunctions.googleapis.com/v2/projects/alkahf-41600/locations/europe-west1/operations/operation-1784954240179-657680b6d1e12-aefa8632-d9722248 [none]
[debug] [2026-07-25T04:37:31.284Z] <<< [apiv2][status] GET https://cloudfunctions.googleapis.com/v2/projects/alkahf-41600/locations/europe-west1/operations/operation-1784954240179-657680b6d1e12-aefa8632-d9722248 200
[debug] [2026-07-25T04:37:31.284Z] <<< [apiv2][body] GET https://cloudfunctions.googleapis.com/v2/projects/alkahf-41600/locations/europe-west1/operations/operation-1784954240179-657680b6d1e12-aefa8632-d9722248 {"name":"projects/alkahf-41600/locations/europe-west1/operations/operation-1784954240179-657680b6d1e12-aefa8632-d9722248","metadata":{"@type":"type.googleapis.com/google.cloud.functions.v2.OperationMetadata","createTime":"2026-07-25T04:37:21.114495488Z","target":"projects/alkahf-41600/locations/europe-west1/functions/resendInvoiceEmail","verb":"update","cancelRequested":false,"apiVersion":"v2","requestResource":{"@type":"type.googleapis.com/google.cloud.functions.v2.Function","name":"projects/alkahf-41600/locations/europe-west1/functions/resendInvoiceEmail","buildConfig":{"runtime":"nodejs24","entryPoint":"resendInvoiceEmail","source":{"storageSource":{"bucket":"gcf-v2-sources-826972253416-europe-west1","object":"resendInvoiceEmail/function-source.zip","generation":"1784954241069453"}},"environmentVariables":{"GOOGLE_NODE_RUN_SCRIPTS":""},"dockerRepository":"projects/alkahf-41600/locations/europe-west1/repositories/gcf-artifacts","sourceProvenance":{"resolvedStorageSource":{"bucket":"gcf-v2-sources-826972253416-europe-west1","object":"resendInvoiceEmail/function-source.zip","generation":"1784953863003324"}},"dockerRegistry":"ARTIFACT_REGISTRY","sourceToken":"Clhwcm9qZWN0cy84MjY5NzIyNTM0MTYvbG9jYXRpb25zL2V1cm9wZS13ZXN0MS9idWlsZHMvN2M2MTIwNDYtMWFhZi00MTQ5LWE4N2ItMzQ1NTAwNDNhODQ0EntldXJvcGUtd2VzdDEtZG9ja2VyLnBrZy5kZXYvYWxrYWhmLTQxNjAwL2djZi1hcnRpZmFjdHMvYWxrYWhmLS00MTYwMF9fZXVyb3BlLS13ZXN0MV9fZmluYWxpemVfb3JkZXJfYWZ0ZXJfcGF5bWVudDp2ZXJzaW9uXzEY6NmM24gYIlBwcm9qZWN0cy9hbGthaGYtNDE2MDAvbG9jYXRpb25zL2V1cm9wZS13ZXN0MS9mdW5jdGlvbnMvZmluYWxpemVPcmRlckFmdGVyUGF5bWVudCoLCPn6kNMGEKi1+nIyCG5vZGVqczI0OncKI2djci5pby9nYWUtcnVudGltZXMvbm9kZWpzMjQ6c3RhYmxlElBldXJvcGUtd2VzdDEtZG9ja2VyLnBrZy5kZXYvc2VydmVybGVzcy1ydW50aW1lcy9nb29nbGUtMjQtZnVsbC9ydW50aW1lcy9ub2RlanMyNEAB","serviceAccount":"projects/alkahf-41600/serviceAccounts/826972253416-compute@developer.gserviceaccount.com","automaticUpdatePolicy":{}},"serviceConfig":{"service":"projects/alkahf-41600/locations/europe-west1/services/resendinvoiceemail","timeoutSeconds":120,"environmentVariables":{"FIREBASE_CONFIG":"{\"projectId\":\"alkahf-41600\",\"storageBucket\":\"alkahf-41600.firebasestorage.app\"}","GCLOUD_PROJECT":"alkahf-41600","EVENTARC_CLOUD_EVENT_SOURCE":"projects/alkahf-41600/locations/europe-west1/services/resendInvoiceEmail","FUNCTION_TARGET":"resendInvoiceEmail","LOG_EXECUTION_ID":"true","FUNCTION_SIGNATURE_TYPE":"http"},"ingressSettings":"ALLOW_ALL","uri":"https://resendinvoiceemail-v7ywmuwhiq-ew.a.run.app","serviceAccountEmail":"826972253416-compute@developer.gserviceaccount.com","availableMemory":"1024Mi","allTrafficOnLatestRevision":true,"secretEnvironmentVariables":[{"key":"RESEND_API_KEY","projectId":"alkahf-41600","secret":"RESEND_API_KEY","version":"1"},{"key":"RESEND_FROM","projectId":"alkahf-41600","secret":"RESEND_FROM","version":"3"},{"key":"SMTP_URL","projectId":"alkahf-41600","secret":"SMTP_URL","version":"2"},{"key":"SMTP_FROM","projectId":"alkahf-41600","secret":"SMTP_FROM","version":"1"},{"key":"ADMIN_EMAILS","projectId":"alkahf-41600","secret":"ADMIN_EMAILS","version":"2"}],"revision":"resendinvoiceemail-00025-zaj","maxInstanceRequestConcurrency":80,"availableCpu":"1"},"state":"ACTIVE","labels":{"deployment-tool":"cli-firebase","deployment-callable":"true","firebase-functions-codebase":"functions","firebase-functions-hash":"840abedf434f44d3e317cfd2065585f2b6ec4d1a"},"environment":"GEN_2","url":"https://europe-west1-alkahf-41600.cloudfunctions.net/resendInvoiceEmail","satisfiesPzi":true},"stages":[{"name":"BUILD","message":"Reusing build","state":"COMPLETE","resource":"projects/826972253416/locations/europe-west1/builds/7c612046-1aaf-4149-a87b-34550043a844"},{"name":"SERVICE","message":"Updating Cloud Run service","state":"IN_PROGRESS","resource":"projects/alkahf-41600/locations/europe-west1/services/resendinvoiceemail","resourceUri":"https://console.cloud.google.com/run/detail/europe-west1/resendinvoiceemail?project=alkahf-41600","stateMessages":[{"severity":"INFO","type":"CloudRunServiceNewRevisionTrafficInfo","message":"A new revision will be deployed serving with 100% traffic."}]}],"sourceToken":"Clhwcm9qZWN0cy84MjY5NzIyNTM0MTYvbG9jYXRpb25zL2V1cm9wZS13ZXN0MS9idWlsZHMvN2M2MTIwNDYtMWFhZi00MTQ5LWE4N2ItMzQ1NTAwNDNhODQ0EntldXJvcGUtd2VzdDEtZG9ja2VyLnBrZy5kZXYvYWxrYWhmLTQxNjAwL2djZi1hcnRpZmFjdHMvYWxrYWhmLS00MTYwMF9fZXVyb3BlLS13ZXN0MV9fZmluYWxpemVfb3JkZXJfYWZ0ZXJfcGF5bWVudDp2ZXJzaW9uXzEY6NmM24gYIlBwcm9qZWN0cy9hbGthaGYtNDE2MDAvbG9jYXRpb25zL2V1cm9wZS13ZXN0MS9mdW5jdGlvbnMvZmluYWxpemVPcmRlckFmdGVyUGF5bWVudCoLCPn6kNMGEKi1+nIyCG5vZGVqczI0OncKI2djci5pby9nYWUtcnVudGltZXMvbm9kZWpzMjQ6c3RhYmxlElBldXJvcGUtd2VzdDEtZG9ja2VyLnBrZy5kZXYvc2VydmVybGVzcy1ydW50aW1lcy9nb29nbGUtMjQtZnVsbC9ydW50aW1lcy9ub2RlanMyNEAB","operationType":"UPDATE_FUNCTION","buildName":"projects/826972253416/locations/europe-west1/builds/7c612046-1aaf-4149-a87b-34550043a844"},"done":false}
[debug] [2026-07-25T04:37:31.285Z] Got source token Clhwcm9qZWN0cy84MjY5NzIyNTM0MTYvbG9jYXRpb25zL2V1cm9wZS13ZXN0MS9idWlsZHMvN2M2MTIwNDYtMWFhZi00MTQ5LWE4N2ItMzQ1NTAwNDNhODQ0EntldXJvcGUtd2VzdDEtZG9ja2VyLnBrZy5kZXYvYWxrYWhmLTQxNjAwL2djZi1hcnRpZmFjdHMvYWxrYWhmLS00MTYwMF9fZXVyb3BlLS13ZXN0MV9fZmluYWxpemVfb3JkZXJfYWZ0ZXJfcGF5bWVudDp2ZXJzaW9uXzEY6NmM24gYIlBwcm9qZWN0cy9hbGthaGYtNDE2MDAvbG9jYXRpb25zL2V1cm9wZS13ZXN0MS9mdW5jdGlvbnMvZmluYWxpemVPcmRlckFmdGVyUGF5bWVudCoLCPn6kNMGEKi1+nIyCG5vZGVqczI0OncKI2djci5pby9nYWUtcnVudGltZXMvbm9kZWpzMjQ6c3RhYmxlElBldXJvcGUtd2VzdDEtZG9ja2VyLnBrZy5kZXYvc2VydmVybGVzcy1ydW50aW1lcy9nb29nbGUtMjQtZnVsbC9ydW50aW1lcy9ub2RlanMyNEAB for region europe-west1
[debug] [2026-07-25T04:37:31.566Z] [update-functions-europe-west1-finalizeOrderAfterPayment] Retrying task index 0
[debug] [2026-07-25T04:37:31.568Z] Checked if tokens are valid: true, expires at: 1784957429103
[debug] [2026-07-25T04:37:31.569Z] Checked if tokens are valid: true, expires at: 1784957429103
[debug] [2026-07-25T04:37:31.569Z] >>> [apiv2][query] GET https://cloudfunctions.googleapis.com/v2/projects/alkahf-41600/locations/europe-west1/operations/operation-1784954189882-65768086da448-ea87fa7b-28e02aea [none]
[debug] [2026-07-25T04:37:31.683Z] [update-functions-europe-west1-stripeWebhook] Retrying task index 0
[debug] [2026-07-25T04:37:31.688Z] Checked if tokens are valid: true, expires at: 1784957429103
[debug] [2026-07-25T04:37:31.688Z] Checked if tokens are valid: true, expires at: 1784957429103
[debug] [2026-07-25T04:37:31.689Z] >>> [apiv2][query] GET https://cloudfunctions.googleapis.com/v2/projects/alkahf-41600/locations/europe-west1/operations/operation-1784954240538-657680b72985f-656e8232-dee81755 [none]
[debug] [2026-07-25T04:37:31.786Z] <<< [apiv2][status] GET https://cloudfunctions.googleapis.com/v2/projects/alkahf-41600/locations/europe-west1/operations/operation-1784954189882-65768086da448-ea87fa7b-28e02aea 200
[debug] [2026-07-25T04:37:31.786Z] <<< [apiv2][body] GET https://cloudfunctions.googleapis.com/v2/projects/alkahf-41600/locations/europe-west1/operations/operation-1784954189882-65768086da448-ea87fa7b-28e02aea {"name":"projects/alkahf-41600/locations/europe-west1/operations/operation-1784954189882-65768086da448-ea87fa7b-28e02aea","metadata":{"@type":"type.googleapis.com/google.cloud.functions.v2.OperationMetadata","createTime":"2026-07-25T04:36:30.832655390Z","endTime":"2026-07-25T04:37:24.178903923Z","target":"projects/alkahf-41600/locations/europe-west1/functions/finalizeOrderAfterPayment","verb":"update","cancelRequested":false,"apiVersion":"v2","requestResource":{"@type":"type.googleapis.com/google.cloud.functions.v2.Function","name":"projects/alkahf-41600/locations/europe-west1/functions/finalizeOrderAfterPayment","buildConfig":{"runtime":"nodejs24","entryPoint":"finalizeOrderAfterPayment","source":{"storageSource":{"bucket":"gcf-v2-sources-826972253416-europe-west1","object":"finalizeOrderAfterPayment/function-source.zip","generation":"1784954190783763"}},"environmentVariables":{"GOOGLE_NODE_RUN_SCRIPTS":""},"dockerRepository":"projects/alkahf-41600/locations/europe-west1/repositories/gcf-artifacts","sourceProvenance":{"resolvedStorageSource":{"bucket":"gcf-v2-sources-826972253416-europe-west1","object":"finalizeOrderAfterPayment/function-source.zip","generation":"1784953862997174"}},"dockerRegistry":"ARTIFACT_REGISTRY","serviceAccount":"projects/alkahf-41600/serviceAccounts/826972253416-compute@developer.gserviceaccount.com","automaticUpdatePolicy":{}},"serviceConfig":{"service":"projects/alkahf-41600/locations/europe-west1/services/finalizeorderafterpayment","timeoutSeconds":120,"environmentVariables":{"FIREBASE_CONFIG":"{\"projectId\":\"alkahf-41600\",\"storageBucket\":\"alkahf-41600.firebasestorage.app\"}","GCLOUD_PROJECT":"alkahf-41600","EVENTARC_CLOUD_EVENT_SOURCE":"projects/alkahf-41600/locations/europe-west1/services/finalizeOrderAfterPayment","FUNCTION_TARGET":"finalizeOrderAfterPayment","LOG_EXECUTION_ID":"true"},"ingressSettings":"ALLOW_ALL","uri":"https://finalizeorderafterpayment-v7ywmuwhiq-ew.a.run.app","serviceAccountEmail":"826972253416-compute@developer.gserviceaccount.com","availableMemory":"1024Mi","allTrafficOnLatestRevision":true,"secretEnvironmentVariables":[{"key":"STRIPE_SECRET","projectId":"alkahf-41600","secret":"STRIPE_SECRET","version":"16"},{"key":"RESEND_API_KEY","projectId":"alkahf-41600","secret":"RESEND_API_KEY","version":"1"},{"key":"RESEND_FROM","projectId":"alkahf-41600","secret":"RESEND_FROM","version":"3"},{"key":"SMTP_URL","projectId":"alkahf-41600","secret":"SMTP_URL","version":"2"},{"key":"SMTP_FROM","projectId":"alkahf-41600","secret":"SMTP_FROM","version":"1"}],"revision":"finalizeorderafterpayment-00025-fur","maxInstanceRequestConcurrency":80,"availableCpu":"1"},"state":"ACTIVE","labels":{"deployment-tool":"cli-firebase","deployment-callable":"true","firebase-functions-codebase":"functions","firebase-functions-hash":"3a6c1ab52755d7104bd93cc943a62907bb6d319a"},"environment":"GEN_2","url":"https://europe-west1-alkahf-41600.cloudfunctions.net/finalizeOrderAfterPayment","satisfiesPzi":true},"stages":[{"name":"BUILD","message":"Build finished","state":"COMPLETE","resource":"projects/826972253416/locations/europe-west1/builds/7c612046-1aaf-4149-a87b-34550043a844","resourceUri":"https://console.cloud.google.com/cloud-build/builds;region=europe-west1/7c612046-1aaf-4149-a87b-34550043a844?project=826972253416"},{"name":"SERVICE","message":"Updating Cloud Run service","state":"COMPLETE","resource":"projects/alkahf-41600/locations/europe-west1/services/finalizeorderafterpayment","resourceUri":"https://console.cloud.google.com/run/detail/europe-west1/finalizeorderafterpayment?project=alkahf-41600","stateMessages":[{"severity":"INFO","type":"CloudRunServiceNewRevisionTrafficInfo","message":"A new revision will be deployed serving with 100% traffic."}]}],"sourceToken":"Clhwcm9qZWN0cy84MjY5NzIyNTM0MTYvbG9jYXRpb25zL2V1cm9wZS13ZXN0MS9idWlsZHMvN2M2MTIwNDYtMWFhZi00MTQ5LWE4N2ItMzQ1NTAwNDNhODQ0EntldXJvcGUtd2VzdDEtZG9ja2VyLnBrZy5kZXYvYWxrYWhmLTQxNjAwL2djZi1hcnRpZmFjdHMvYWxrYWhmLS00MTYwMF9fZXVyb3BlLS13ZXN0MV9fZmluYWxpemVfb3JkZXJfYWZ0ZXJfcGF5bWVudDp2ZXJzaW9uXzEY6NmM24gYIlBwcm9qZWN0cy9hbGthaGYtNDE2MDAvbG9jYXRpb25zL2V1cm9wZS13ZXN0MS9mdW5jdGlvbnMvZmluYWxpemVPcmRlckFmdGVyUGF5bWVudCoLCPn6kNMGEKi1+nIyCG5vZGVqczI0OncKI2djci5pby9nYWUtcnVudGltZXMvbm9kZWpzMjQ6c3RhYmxlElBldXJvcGUtd2VzdDEtZG9ja2VyLnBrZy5kZXYvc2VydmVybGVzcy1ydW50aW1lcy9nb29nbGUtMjQtZnVsbC9ydW50aW1lcy9ub2RlanMyNEAB","operationType":"UPDATE_FUNCTION","buildName":"projects/826972253416/locations/europe-west1/builds/7c612046-1aaf-4149-a87b-34550043a844"},"done":true,"response":{"@type":"type.googleapis.com/google.cloud.functions.v2.Function","name":"projects/alkahf-41600/locations/europe-west1/functions/finalizeOrderAfterPayment","buildConfig":{"build":"projects/826972253416/locations/europe-west1/builds/7c612046-1aaf-4149-a87b-34550043a844","runtime":"nodejs24","entryPoint":"finalizeOrderAfterPayment","source":{"storageSource":{"bucket":"gcf-v2-sources-826972253416-europe-west1","object":"finalizeOrderAfterPayment/function-source.zip","generation":"1784954190783763"}},"environmentVariables":{"GOOGLE_NODE_RUN_SCRIPTS":""},"dockerRepository":"projects/alkahf-41600/locations/europe-west1/repositories/gcf-artifacts","sourceProvenance":{"resolvedStorageSource":{"bucket":"gcf-v2-sources-826972253416-europe-west1","object":"finalizeOrderAfterPayment/function-source.zip","generation":"1784954190783763"}},"dockerRegistry":"ARTIFACT_REGISTRY","serviceAccount":"projects/alkahf-41600/serviceAccounts/826972253416-compute@developer.gserviceaccount.com","automaticUpdatePolicy":{}},"serviceConfig":{"service":"projects/alkahf-41600/locations/europe-west1/services/finalizeorderafterpayment","timeoutSeconds":120,"environmentVariables":{"FIREBASE_CONFIG":"{\"projectId\":\"alkahf-41600\",\"storageBucket\":\"alkahf-41600.firebasestorage.app\"}","GCLOUD_PROJECT":"alkahf-41600","EVENTARC_CLOUD_EVENT_SOURCE":"projects/alkahf-41600/locations/europe-west1/services/finalizeOrderAfterPayment","FUNCTION_TARGET":"finalizeOrderAfterPayment","LOG_EXECUTION_ID":"true"},"maxInstanceCount":20,"ingressSettings":"ALLOW_ALL","uri":"https://finalizeorderafterpayment-v7ywmuwhiq-ew.a.run.app","serviceAccountEmail":"826972253416-compute@developer.gserviceaccount.com","availableMemory":"1024Mi","allTrafficOnLatestRevision":true,"secretEnvironmentVariables":[{"key":"STRIPE_SECRET","projectId":"alkahf-41600","secret":"STRIPE_SECRET","version":"16"},{"key":"RESEND_API_KEY","projectId":"alkahf-41600","secret":"RESEND_API_KEY","version":"1"},{"key":"RESEND_FROM","projectId":"alkahf-41600","secret":"RESEND_FROM","version":"3"},{"key":"SMTP_URL","projectId":"alkahf-41600","secret":"SMTP_URL","version":"2"},{"key":"SMTP_FROM","projectId":"alkahf-41600","secret":"SMTP_FROM","version":"1"}],"revision":"finalizeorderafterpayment-00026-fuv","maxInstanceRequestConcurrency":80,"availableCpu":"1"},"state":"ACTIVE","updateTime":"2026-07-25T04:36:30.835608082Z","labels":{"firebase-functions-codebase":"functions","firebase-functions-hash":"3a6c1ab52755d7104bd93cc943a62907bb6d319a","deployment-tool":"cli-firebase","deployment-callable":"true"},"environment":"GEN_2","url":"https://europe-west1-alkahf-41600.cloudfunctions.net/finalizeOrderAfterPayment","createTime":"2026-02-16T15:23:04.614301849Z","satisfiesPzi":true}}
[debug] [2026-07-25T04:37:31.787Z] Got source token Clhwcm9qZWN0cy84MjY5NzIyNTM0MTYvbG9jYXRpb25zL2V1cm9wZS13ZXN0MS9idWlsZHMvN2M2MTIwNDYtMWFhZi00MTQ5LWE4N2ItMzQ1NTAwNDNhODQ0EntldXJvcGUtd2VzdDEtZG9ja2VyLnBrZy5kZXYvYWxrYWhmLTQxNjAwL2djZi1hcnRpZmFjdHMvYWxrYWhmLS00MTYwMF9fZXVyb3BlLS13ZXN0MV9fZmluYWxpemVfb3JkZXJfYWZ0ZXJfcGF5bWVudDp2ZXJzaW9uXzEY6NmM24gYIlBwcm9qZWN0cy9hbGthaGYtNDE2MDAvbG9jYXRpb25zL2V1cm9wZS13ZXN0MS9mdW5jdGlvbnMvZmluYWxpemVPcmRlckFmdGVyUGF5bWVudCoLCPn6kNMGEKi1+nIyCG5vZGVqczI0OncKI2djci5pby9nYWUtcnVudGltZXMvbm9kZWpzMjQ6c3RhYmxlElBldXJvcGUtd2VzdDEtZG9ja2VyLnBrZy5kZXYvc2VydmVybGVzcy1ydW50aW1lcy9nb29nbGUtMjQtZnVsbC9ydW50aW1lcy9ub2RlanMyNEAB for region europe-west1
[info] +  functions[functions:finalizeOrderAfterPayment(europe-west1)] Successful update operation. 
[debug] [2026-07-25T04:37:32.253Z] <<< [apiv2][status] GET https://cloudfunctions.googleapis.com/v2/projects/alkahf-41600/locations/europe-west1/operations/operation-1784954240538-657680b72985f-656e8232-dee81755 200
[debug] [2026-07-25T04:37:32.255Z] <<< [apiv2][body] GET https://cloudfunctions.googleapis.com/v2/projects/alkahf-41600/locations/europe-west1/operations/operation-1784954240538-657680b72985f-656e8232-dee81755 {"name":"projects/alkahf-41600/locations/europe-west1/operations/operation-1784954240538-657680b72985f-656e8232-dee81755","metadata":{"@type":"type.googleapis.com/google.cloud.functions.v2.OperationMetadata","createTime":"2026-07-25T04:37:21.532201371Z","endTime":"2026-07-25T04:37:29.196079874Z","target":"projects/alkahf-41600/locations/europe-west1/functions/stripeWebhook","verb":"update","cancelRequested":false,"apiVersion":"v2","requestResource":{"@type":"type.googleapis.com/google.cloud.functions.v2.Function","name":"projects/alkahf-41600/locations/europe-west1/functions/stripeWebhook","buildConfig":{"runtime":"nodejs24","entryPoint":"stripeWebhook","source":{"storageSource":{"bucket":"gcf-v2-sources-826972253416-europe-west1","object":"stripeWebhook/function-source.zip","generation":"1784954241494350"}},"environmentVariables":{"GOOGLE_NODE_RUN_SCRIPTS":""},"dockerRepository":"projects/alkahf-41600/locations/europe-west1/repositories/gcf-artifacts","sourceProvenance":{"resolvedStorageSource":{"bucket":"gcf-v2-sources-826972253416-europe-west1","object":"stripeWebhook/function-source.zip","generation":"1784953863107773"}},"dockerRegistry":"ARTIFACT_REGISTRY","sourceToken":"Clhwcm9qZWN0cy84MjY5NzIyNTM0MTYvbG9jYXRpb25zL2V1cm9wZS13ZXN0MS9idWlsZHMvN2M2MTIwNDYtMWFhZi00MTQ5LWE4N2ItMzQ1NTAwNDNhODQ0EntldXJvcGUtd2VzdDEtZG9ja2VyLnBrZy5kZXYvYWxrYWhmLTQxNjAwL2djZi1hcnRpZmFjdHMvYWxrYWhmLS00MTYwMF9fZXVyb3BlLS13ZXN0MV9fZmluYWxpemVfb3JkZXJfYWZ0ZXJfcGF5bWVudDp2ZXJzaW9uXzEY6NmM24gYIlBwcm9qZWN0cy9hbGthaGYtNDE2MDAvbG9jYXRpb25zL2V1cm9wZS13ZXN0MS9mdW5jdGlvbnMvZmluYWxpemVPcmRlckFmdGVyUGF5bWVudCoLCPn6kNMGEKi1+nIyCG5vZGVqczI0OncKI2djci5pby9nYWUtcnVudGltZXMvbm9kZWpzMjQ6c3RhYmxlElBldXJvcGUtd2VzdDEtZG9ja2VyLnBrZy5kZXYvc2VydmVybGVzcy1ydW50aW1lcy9nb29nbGUtMjQtZnVsbC9ydW50aW1lcy9ub2RlanMyNEAB","serviceAccount":"projects/alkahf-41600/serviceAccounts/826972253416-compute@developer.gserviceaccount.com","automaticUpdatePolicy":{}},"serviceConfig":{"service":"projects/alkahf-41600/locations/europe-west1/services/stripewebhook","timeoutSeconds":120,"environmentVariables":{"FIREBASE_CONFIG":"{\"projectId\":\"alkahf-41600\",\"storageBucket\":\"alkahf-41600.firebasestorage.app\"}","GCLOUD_PROJECT":"alkahf-41600","EVENTARC_CLOUD_EVENT_SOURCE":"projects/alkahf-41600/locations/europe-west1/services/stripeWebhook","FUNCTION_TARGET":"stripeWebhook","LOG_EXECUTION_ID":"true","FUNCTION_SIGNATURE_TYPE":"http"},"ingressSettings":"ALLOW_ALL","uri":"https://stripewebhook-v7ywmuwhiq-ew.a.run.app","serviceAccountEmail":"826972253416-compute@developer.gserviceaccount.com","availableMemory":"1024Mi","allTrafficOnLatestRevision":true,"secretEnvironmentVariables":[{"key":"STRIPE_SECRET","projectId":"alkahf-41600","secret":"STRIPE_SECRET","version":"16"},{"key":"STRIPE_WEBHOOK_SECRET","projectId":"alkahf-41600","secret":"STRIPE_WEBHOOK_SECRET","version":"5"},{"key":"RESEND_API_KEY","projectId":"alkahf-41600","secret":"RESEND_API_KEY","version":"1"},{"key":"RESEND_FROM","projectId":"alkahf-41600","secret":"RESEND_FROM","version":"3"},{"key":"SMTP_URL","projectId":"alkahf-41600","secret":"SMTP_URL","version":"2"},{"key":"SMTP_FROM","projectId":"alkahf-41600","secret":"SMTP_FROM","version":"1"}],"revision":"stripewebhook-00049-muk","maxInstanceRequestConcurrency":80,"availableCpu":"1"},"state":"ACTIVE","labels":{"deployment-tool":"cli-firebase","firebase-functions-codebase":"functions","firebase-functions-hash":"eb6232ea2cd6682958f0dea864afe7f0ebd70be0"},"environment":"GEN_2","url":"https://europe-west1-alkahf-41600.cloudfunctions.net/stripeWebhook","satisfiesPzi":true},"stages":[{"name":"BUILD","message":"Reusing build","state":"COMPLETE","resource":"projects/826972253416/locations/europe-west1/builds/7c612046-1aaf-4149-a87b-34550043a844"},{"name":"SERVICE","message":"Updating Cloud Run service","state":"COMPLETE","resource":"projects/alkahf-41600/locations/europe-west1/services/stripewebhook","resourceUri":"https://console.cloud.google.com/run/detail/europe-west1/stripewebhook?project=alkahf-41600","stateMessages":[{"severity":"INFO","type":"CloudRunServiceNewRevisionTrafficInfo","message":"A new revision will be deployed serving with 100% traffic."}]}],"sourceToken":"Clhwcm9qZWN0cy84MjY5NzIyNTM0MTYvbG9jYXRpb25zL2V1cm9wZS13ZXN0MS9idWlsZHMvN2M2MTIwNDYtMWFhZi00MTQ5LWE4N2ItMzQ1NTAwNDNhODQ0EntldXJvcGUtd2VzdDEtZG9ja2VyLnBrZy5kZXYvYWxrYWhmLTQxNjAwL2djZi1hcnRpZmFjdHMvYWxrYWhmLS00MTYwMF9fZXVyb3BlLS13ZXN0MV9fZmluYWxpemVfb3JkZXJfYWZ0ZXJfcGF5bWVudDp2ZXJzaW9uXzEY6NmM24gYIlBwcm9qZWN0cy9hbGthaGYtNDE2MDAvbG9jYXRpb25zL2V1cm9wZS13ZXN0MS9mdW5jdGlvbnMvZmluYWxpemVPcmRlckFmdGVyUGF5bWVudCoLCPn6kNMGEKi1+nIyCG5vZGVqczI0OncKI2djci5pby9nYWUtcnVudGltZXMvbm9kZWpzMjQ6c3RhYmxlElBldXJvcGUtd2VzdDEtZG9ja2VyLnBrZy5kZXYvc2VydmVybGVzcy1ydW50aW1lcy9nb29nbGUtMjQtZnVsbC9ydW50aW1lcy9ub2RlanMyNEAB","operationType":"UPDATE_FUNCTION","buildName":"projects/826972253416/locations/europe-west1/builds/7c612046-1aaf-4149-a87b-34550043a844"},"done":true,"response":{"@type":"type.googleapis.com/google.cloud.functions.v2.Function","name":"projects/alkahf-41600/locations/europe-west1/functions/stripeWebhook","buildConfig":{"build":"projects/826972253416/locations/europe-west1/builds/7c612046-1aaf-4149-a87b-34550043a844","runtime":"nodejs24","entryPoint":"stripeWebhook","source":{"storageSource":{"bucket":"gcf-v2-sources-826972253416-europe-west1","object":"stripeWebhook/function-source.zip","generation":"1784954241494350"}},"environmentVariables":{"GOOGLE_NODE_RUN_SCRIPTS":""},"dockerRepository":"projects/alkahf-41600/locations/europe-west1/repositories/gcf-artifacts","sourceProvenance":{"resolvedStorageSource":{"bucket":"gcf-v2-sources-826972253416-europe-west1","object":"stripeWebhook/function-source.zip","generation":"1784954241494350"}},"dockerRegistry":"ARTIFACT_REGISTRY","serviceAccount":"projects/alkahf-41600/serviceAccounts/826972253416-compute@developer.gserviceaccount.com","automaticUpdatePolicy":{}},"serviceConfig":{"service":"projects/alkahf-41600/locations/europe-west1/services/stripewebhook","timeoutSeconds":120,"environmentVariables":{"FIREBASE_CONFIG":"{\"projectId\":\"alkahf-41600\",\"storageBucket\":\"alkahf-41600.firebasestorage.app\"}","GCLOUD_PROJECT":"alkahf-41600","EVENTARC_CLOUD_EVENT_SOURCE":"projects/alkahf-41600/locations/europe-west1/services/stripeWebhook","FUNCTION_TARGET":"stripeWebhook","LOG_EXECUTION_ID":"true","FUNCTION_SIGNATURE_TYPE":"http"},"maxInstanceCount":20,"ingressSettings":"ALLOW_ALL","uri":"https://stripewebhook-v7ywmuwhiq-ew.a.run.app","serviceAccountEmail":"826972253416-compute@developer.gserviceaccount.com","availableMemory":"1024Mi","allTrafficOnLatestRevision":true,"secretEnvironmentVariables":[{"key":"STRIPE_SECRET","projectId":"alkahf-41600","secret":"STRIPE_SECRET","version":"16"},{"key":"STRIPE_WEBHOOK_SECRET","projectId":"alkahf-41600","secret":"STRIPE_WEBHOOK_SECRET","version":"5"},{"key":"RESEND_API_KEY","projectId":"alkahf-41600","secret":"RESEND_API_KEY","version":"1"},{"key":"RESEND_FROM","projectId":"alkahf-41600","secret":"RESEND_FROM","version":"3"},{"key":"SMTP_URL","projectId":"alkahf-41600","secret":"SMTP_URL","version":"2"},{"key":"SMTP_FROM","projectId":"alkahf-41600","secret":"SMTP_FROM","version":"1"}],"revision":"stripewebhook-00050-ner","maxInstanceRequestConcurrency":80,"availableCpu":"1"},"state":"ACTIVE","updateTime":"2026-07-25T04:37:21.533522419Z","labels":{"firebase-functions-hash":"eb6232ea2cd6682958f0dea864afe7f0ebd70be0","deployment-tool":"cli-firebase","firebase-functions-codebase":"functions"},"environment":"GEN_2","url":"https://europe-west1-alkahf-41600.cloudfunctions.net/stripeWebhook","createTime":"2026-02-14T22:30:03.968807212Z","satisfiesPzi":true}}
[debug] [2026-07-25T04:37:32.256Z] Got source token Clhwcm9qZWN0cy84MjY5NzIyNTM0MTYvbG9jYXRpb25zL2V1cm9wZS13ZXN0MS9idWlsZHMvN2M2MTIwNDYtMWFhZi00MTQ5LWE4N2ItMzQ1NTAwNDNhODQ0EntldXJvcGUtd2VzdDEtZG9ja2VyLnBrZy5kZXYvYWxrYWhmLTQxNjAwL2djZi1hcnRpZmFjdHMvYWxrYWhmLS00MTYwMF9fZXVyb3BlLS13ZXN0MV9fZmluYWxpemVfb3JkZXJfYWZ0ZXJfcGF5bWVudDp2ZXJzaW9uXzEY6NmM24gYIlBwcm9qZWN0cy9hbGthaGYtNDE2MDAvbG9jYXRpb25zL2V1cm9wZS13ZXN0MS9mdW5jdGlvbnMvZmluYWxpemVPcmRlckFmdGVyUGF5bWVudCoLCPn6kNMGEKi1+nIyCG5vZGVqczI0OncKI2djci5pby9nYWUtcnVudGltZXMvbm9kZWpzMjQ6c3RhYmxlElBldXJvcGUtd2VzdDEtZG9ja2VyLnBrZy5kZXYvc2VydmVybGVzcy1ydW50aW1lcy9nb29nbGUtMjQtZnVsbC9ydW50aW1lcy9ub2RlanMyNEAB for region europe-west1
[info] +  functions[functions:stripeWebhook(europe-west1)] Successful update operation. 
[debug] [2026-07-25T04:37:39.300Z] [update-functions-europe-west1-resendInvoiceEmail] Retrying task index 0
[debug] [2026-07-25T04:37:39.301Z] Checked if tokens are valid: true, expires at: 1784957429103
[debug] [2026-07-25T04:37:39.302Z] Checked if tokens are valid: true, expires at: 1784957429103
[debug] [2026-07-25T04:37:39.303Z] >>> [apiv2][query] GET https://cloudfunctions.googleapis.com/v2/projects/alkahf-41600/locations/europe-west1/operations/operation-1784954240179-657680b6d1e12-aefa8632-d9722248 [none]
[debug] [2026-07-25T04:37:39.866Z] <<< [apiv2][status] GET https://cloudfunctions.googleapis.com/v2/projects/alkahf-41600/locations/europe-west1/operations/operation-1784954240179-657680b6d1e12-aefa8632-d9722248 200
[debug] [2026-07-25T04:37:39.867Z] <<< [apiv2][body] GET https://cloudfunctions.googleapis.com/v2/projects/alkahf-41600/locations/europe-west1/operations/operation-1784954240179-657680b6d1e12-aefa8632-d9722248 {"name":"projects/alkahf-41600/locations/europe-west1/operations/operation-1784954240179-657680b6d1e12-aefa8632-d9722248","metadata":{"@type":"type.googleapis.com/google.cloud.functions.v2.OperationMetadata","createTime":"2026-07-25T04:37:21.114495488Z","endTime":"2026-07-25T04:37:29.607074580Z","target":"projects/alkahf-41600/locations/europe-west1/functions/resendInvoiceEmail","verb":"update","cancelRequested":false,"apiVersion":"v2","requestResource":{"@type":"type.googleapis.com/google.cloud.functions.v2.Function","name":"projects/alkahf-41600/locations/europe-west1/functions/resendInvoiceEmail","buildConfig":{"runtime":"nodejs24","entryPoint":"resendInvoiceEmail","source":{"storageSource":{"bucket":"gcf-v2-sources-826972253416-europe-west1","object":"resendInvoiceEmail/function-source.zip","generation":"1784954241069453"}},"environmentVariables":{"GOOGLE_NODE_RUN_SCRIPTS":""},"dockerRepository":"projects/alkahf-41600/locations/europe-west1/repositories/gcf-artifacts","sourceProvenance":{"resolvedStorageSource":{"bucket":"gcf-v2-sources-826972253416-europe-west1","object":"resendInvoiceEmail/function-source.zip","generation":"1784953863003324"}},"dockerRegistry":"ARTIFACT_REGISTRY","sourceToken":"Clhwcm9qZWN0cy84MjY5NzIyNTM0MTYvbG9jYXRpb25zL2V1cm9wZS13ZXN0MS9idWlsZHMvN2M2MTIwNDYtMWFhZi00MTQ5LWE4N2ItMzQ1NTAwNDNhODQ0EntldXJvcGUtd2VzdDEtZG9ja2VyLnBrZy5kZXYvYWxrYWhmLTQxNjAwL2djZi1hcnRpZmFjdHMvYWxrYWhmLS00MTYwMF9fZXVyb3BlLS13ZXN0MV9fZmluYWxpemVfb3JkZXJfYWZ0ZXJfcGF5bWVudDp2ZXJzaW9uXzEY6NmM24gYIlBwcm9qZWN0cy9hbGthaGYtNDE2MDAvbG9jYXRpb25zL2V1cm9wZS13ZXN0MS9mdW5jdGlvbnMvZmluYWxpemVPcmRlckFmdGVyUGF5bWVudCoLCPn6kNMGEKi1+nIyCG5vZGVqczI0OncKI2djci5pby9nYWUtcnVudGltZXMvbm9kZWpzMjQ6c3RhYmxlElBldXJvcGUtd2VzdDEtZG9ja2VyLnBrZy5kZXYvc2VydmVybGVzcy1ydW50aW1lcy9nb29nbGUtMjQtZnVsbC9ydW50aW1lcy9ub2RlanMyNEAB","serviceAccount":"projects/alkahf-41600/serviceAccounts/826972253416-compute@developer.gserviceaccount.com","automaticUpdatePolicy":{}},"serviceConfig":{"service":"projects/alkahf-41600/locations/europe-west1/services/resendinvoiceemail","timeoutSeconds":120,"environmentVariables":{"FIREBASE_CONFIG":"{\"projectId\":\"alkahf-41600\",\"storageBucket\":\"alkahf-41600.firebasestorage.app\"}","GCLOUD_PROJECT":"alkahf-41600","EVENTARC_CLOUD_EVENT_SOURCE":"projects/alkahf-41600/locations/europe-west1/services/resendInvoiceEmail","FUNCTION_TARGET":"resendInvoiceEmail","LOG_EXECUTION_ID":"true","FUNCTION_SIGNATURE_TYPE":"http"},"ingressSettings":"ALLOW_ALL","uri":"https://resendinvoiceemail-v7ywmuwhiq-ew.a.run.app","serviceAccountEmail":"826972253416-compute@developer.gserviceaccount.com","availableMemory":"1024Mi","allTrafficOnLatestRevision":true,"secretEnvironmentVariables":[{"key":"RESEND_API_KEY","projectId":"alkahf-41600","secret":"RESEND_API_KEY","version":"1"},{"key":"RESEND_FROM","projectId":"alkahf-41600","secret":"RESEND_FROM","version":"3"},{"key":"SMTP_URL","projectId":"alkahf-41600","secret":"SMTP_URL","version":"2"},{"key":"SMTP_FROM","projectId":"alkahf-41600","secret":"SMTP_FROM","version":"1"},{"key":"ADMIN_EMAILS","projectId":"alkahf-41600","secret":"ADMIN_EMAILS","version":"2"}],"revision":"resendinvoiceemail-00025-zaj","maxInstanceRequestConcurrency":80,"availableCpu":"1"},"state":"ACTIVE","labels":{"deployment-tool":"cli-firebase","deployment-callable":"true","firebase-functions-codebase":"functions","firebase-functions-hash":"840abedf434f44d3e317cfd2065585f2b6ec4d1a"},"environment":"GEN_2","url":"https://europe-west1-alkahf-41600.cloudfunctions.net/resendInvoiceEmail","satisfiesPzi":true},"stages":[{"name":"BUILD","message":"Reusing build","state":"COMPLETE","resource":"projects/826972253416/locations/europe-west1/builds/7c612046-1aaf-4149-a87b-34550043a844"},{"name":"SERVICE","message":"Updating Cloud Run service","state":"COMPLETE","resource":"projects/alkahf-41600/locations/europe-west1/services/resendinvoiceemail","resourceUri":"https://console.cloud.google.com/run/detail/europe-west1/resendinvoiceemail?project=alkahf-41600","stateMessages":[{"severity":"INFO","type":"CloudRunServiceNewRevisionTrafficInfo","message":"A new revision will be deployed serving with 100% traffic."}]}],"sourceToken":"Clhwcm9qZWN0cy84MjY5NzIyNTM0MTYvbG9jYXRpb25zL2V1cm9wZS13ZXN0MS9idWlsZHMvN2M2MTIwNDYtMWFhZi00MTQ5LWE4N2ItMzQ1NTAwNDNhODQ0EntldXJvcGUtd2VzdDEtZG9ja2VyLnBrZy5kZXYvYWxrYWhmLTQxNjAwL2djZi1hcnRpZmFjdHMvYWxrYWhmLS00MTYwMF9fZXVyb3BlLS13ZXN0MV9fZmluYWxpemVfb3JkZXJfYWZ0ZXJfcGF5bWVudDp2ZXJzaW9uXzEY6NmM24gYIlBwcm9qZWN0cy9hbGthaGYtNDE2MDAvbG9jYXRpb25zL2V1cm9wZS13ZXN0MS9mdW5jdGlvbnMvZmluYWxpemVPcmRlckFmdGVyUGF5bWVudCoLCPn6kNMGEKi1+nIyCG5vZGVqczI0OncKI2djci5pby9nYWUtcnVudGltZXMvbm9kZWpzMjQ6c3RhYmxlElBldXJvcGUtd2VzdDEtZG9ja2VyLnBrZy5kZXYvc2VydmVybGVzcy1ydW50aW1lcy9nb29nbGUtMjQtZnVsbC9ydW50aW1lcy9ub2RlanMyNEAB","operationType":"UPDATE_FUNCTION","buildName":"projects/826972253416/locations/europe-west1/builds/7c612046-1aaf-4149-a87b-34550043a844"},"done":true,"response":{"@type":"type.googleapis.com/google.cloud.functions.v2.Function","name":"projects/alkahf-41600/locations/europe-west1/functions/resendInvoiceEmail","buildConfig":{"build":"projects/826972253416/locations/europe-west1/builds/7c612046-1aaf-4149-a87b-34550043a844","runtime":"nodejs24","entryPoint":"resendInvoiceEmail","source":{"storageSource":{"bucket":"gcf-v2-sources-826972253416-europe-west1","object":"resendInvoiceEmail/function-source.zip","generation":"1784954241069453"}},"environmentVariables":{"GOOGLE_NODE_RUN_SCRIPTS":""},"dockerRepository":"projects/alkahf-41600/locations/europe-west1/repositories/gcf-artifacts","sourceProvenance":{"resolvedStorageSource":{"bucket":"gcf-v2-sources-826972253416-europe-west1","object":"resendInvoiceEmail/function-source.zip","generation":"1784954241069453"}},"dockerRegistry":"ARTIFACT_REGISTRY","serviceAccount":"projects/alkahf-41600/serviceAccounts/826972253416-compute@developer.gserviceaccount.com","automaticUpdatePolicy":{}},"serviceConfig":{"service":"projects/alkahf-41600/locations/europe-west1/services/resendinvoiceemail","timeoutSeconds":120,"environmentVariables":{"FIREBASE_CONFIG":"{\"projectId\":\"alkahf-41600\",\"storageBucket\":\"alkahf-41600.firebasestorage.app\"}","GCLOUD_PROJECT":"alkahf-41600","EVENTARC_CLOUD_EVENT_SOURCE":"projects/alkahf-41600/locations/europe-west1/services/resendInvoiceEmail","FUNCTION_TARGET":"resendInvoiceEmail","LOG_EXECUTION_ID":"true","FUNCTION_SIGNATURE_TYPE":"http"},"maxInstanceCount":20,"ingressSettings":"ALLOW_ALL","uri":"https://resendinvoiceemail-v7ywmuwhiq-ew.a.run.app","serviceAccountEmail":"826972253416-compute@developer.gserviceaccount.com","availableMemory":"1024Mi","allTrafficOnLatestRevision":true,"secretEnvironmentVariables":[{"key":"RESEND_API_KEY","projectId":"alkahf-41600","secret":"RESEND_API_KEY","version":"1"},{"key":"RESEND_FROM","projectId":"alkahf-41600","secret":"RESEND_FROM","version":"3"},{"key":"SMTP_URL","projectId":"alkahf-41600","secret":"SMTP_URL","version":"2"},{"key":"SMTP_FROM","projectId":"alkahf-41600","secret":"SMTP_FROM","version":"1"},{"key":"ADMIN_EMAILS","projectId":"alkahf-41600","secret":"ADMIN_EMAILS","version":"2"}],"revision":"resendinvoiceemail-00026-soq","maxInstanceRequestConcurrency":80,"availableCpu":"1"},"state":"ACTIVE","updateTime":"2026-07-25T04:37:21.116273377Z","labels":{"deployment-tool":"cli-firebase","deployment-callable":"true","firebase-functions-codebase":"functions","firebase-functions-hash":"840abedf434f44d3e317cfd2065585f2b6ec4d1a"},"environment":"GEN_2","url":"https://europe-west1-alkahf-41600.cloudfunctions.net/resendInvoiceEmail","createTime":"2026-02-16T15:24:05.000813251Z","satisfiesPzi":true}}
[debug] [2026-07-25T04:37:39.867Z] Got source token Clhwcm9qZWN0cy84MjY5NzIyNTM0MTYvbG9jYXRpb25zL2V1cm9wZS13ZXN0MS9idWlsZHMvN2M2MTIwNDYtMWFhZi00MTQ5LWE4N2ItMzQ1NTAwNDNhODQ0EntldXJvcGUtd2VzdDEtZG9ja2VyLnBrZy5kZXYvYWxrYWhmLTQxNjAwL2djZi1hcnRpZmFjdHMvYWxrYWhmLS00MTYwMF9fZXVyb3BlLS13ZXN0MV9fZmluYWxpemVfb3JkZXJfYWZ0ZXJfcGF5bWVudDp2ZXJzaW9uXzEY6NmM24gYIlBwcm9qZWN0cy9hbGthaGYtNDE2MDAvbG9jYXRpb25zL2V1cm9wZS13ZXN0MS9mdW5jdGlvbnMvZmluYWxpemVPcmRlckFmdGVyUGF5bWVudCoLCPn6kNMGEKi1+nIyCG5vZGVqczI0OncKI2djci5pby9nYWUtcnVudGltZXMvbm9kZWpzMjQ6c3RhYmxlElBldXJvcGUtd2VzdDEtZG9ja2VyLnBrZy5kZXYvc2VydmVybGVzcy1ydW50aW1lcy9nb29nbGUtMjQtZnVsbC9ydW50aW1lcy9ub2RlanMyNEAB for region europe-west1
[info] +  functions[functions:resendInvoiceEmail(europe-west1)] Successful update operation. 
[debug] [2026-07-25T04:37:39.911Z] Total Function Deployment time: 68609
[debug] [2026-07-25T04:37:39.911Z] 3 Functions Deployed
[debug] [2026-07-25T04:37:39.911Z] 0 Functions Errored
[debug] [2026-07-25T04:37:39.911Z] 0 Function Deployments Aborted
[debug] [2026-07-25T04:37:39.911Z] Average Function Deployment time: 63376.666666666664
[debug] [2026-07-25T04:37:40.802Z] Not printing URL for HTTPS function. Typically this means it didn't match a filter or we failed deployment
[info] Function URL (functions:stripeWebhook(europe-west1)): https://stripewebhook-v7ywmuwhiq-ew.a.run.app
[debug] [2026-07-25T04:37:40.808Z] Checked if tokens are valid: true, expires at: 1784957429103
[debug] [2026-07-25T04:37:40.808Z] Checked if tokens are valid: true, expires at: 1784957429103
[debug] [2026-07-25T04:37:40.809Z] >>> [apiv2][query] GET https://artifactregistry.googleapis.com/v1/projects/alkahf-41600/locations/europe-west1/repositories/gcf-artifacts [none]
[debug] [2026-07-25T04:37:41.610Z] <<< [apiv2][status] GET https://artifactregistry.googleapis.com/v1/projects/alkahf-41600/locations/europe-west1/repositories/gcf-artifacts 200
[debug] [2026-07-25T04:37:41.610Z] <<< [apiv2][body] GET https://artifactregistry.googleapis.com/v1/projects/alkahf-41600/locations/europe-west1/repositories/gcf-artifacts {"name":"projects/alkahf-41600/locations/europe-west1/repositories/gcf-artifacts","format":"DOCKER","description":"This repository is created and used by Cloud Functions for storing function docker images.","labels":{"goog-managed-by":"cloudfunctions"},"createTime":"2026-02-14T17:12:01.906989Z","updateTime":"2026-07-25T04:36:56.357137Z","mode":"STANDARD_REPOSITORY","cleanupPolicies":{"firebase-functions-cleanup":{"id":"firebase-functions-cleanup","action":"DELETE","condition":{"tagState":"ANY","olderThan":"2592000s"}}},"sizeBytes":"440198274","vulnerabilityScanningConfig":{"lastEnableTime":"2026-02-14T17:11:51.589152649Z","enablementState":"SCANNING_DISABLED","enablementStateReason":"API containerscanning.googleapis.com is not enabled."},"satisfiesPzi":true,"registryUri":"europe-west1-docker.pkg.dev/alkahf-41600/gcf-artifacts"}
[info] 
[info] +  Deploy complete! 
[info] 
[info] Project Console: https://console.firebase.google.com/project/alkahf-41600/overview
